,created_at,text,source,id,author_id,public_metrics.retweet_count,public_metrics.reply_count,public_metrics.like_count,public_metrics.quote_count,geo.place_id,country,full_name,Timeline
0,2021-01-26T19:01:49.000Z,"Excited to be doing the Keynote virtually at The North American Bitcoin conference @keynote_ae 2021.  

Tune in this Thursday, January 28th at 6:00 PM EST.

Tickets üé´ at https://t.co/bq1HzjUYi1 

#crypto #conference #bitcoin https://t.co/3BmKH9RqTo",Twitter for iPhone,1354142516828889095,29468585,7,5,39,0,be930565864872db,United States,"Sardinera, Puerto Rico",Before
1,2021-01-26T20:03:11.000Z,"The amount of activity on #Tezos right now compared to my starting at @camlCaseTech only 11 months ago is staggering. #zombiechain? More like #phoenixchain üî•üåãüê¶üí•ü™ôüí™
#Ethereum #bitcoin #havefunpayingETHgasfees https://t.co/scbyP0bHKy",Twitter for Android,1354157962424709123,17816729,14,0,44,0,01a9a39529b27f36,United States,"Manhattan, NY",Before
2,2021-01-27T17:10:54.000Z,"@dannydevan Only if there was some sort of currency that the financial institutions can‚Äôt manipulate
#Bitcoin",Twitter for iPhone,1354476991848787971,592375643,0,0,2,0,01a9a39529b27f36,United States,"Manhattan, NY",Before
3,2021-01-27T23:50:18.000Z,@redditinvestors As soon as #silver starting trending the suits got involved. They know that money outside the banking cartel is a threat for them. Like Bitcoin but worse.,Twitter for iPhone,1354577502732230659,20944170,0,0,3,0,01a9a39529b27f36,United States,"Manhattan, NY",Before
4,2021-01-26T12:32:58.000Z,@souljaboy Bitcoin. Just stack your #BTC and  come back to it in a few years.,Twitter for iPhone,1354044660218474497,940577363695472640,0,0,0,0,01a9a39529b27f36,United States,"Manhattan, NY",Before
5,2021-01-27T01:58:10.000Z,@StevenACohen2 Can we hedge any Melvin capital losses with #bitcoin longs?,Twitter for iPhone,1354247296704102402,235667781,0,0,0,0,01a9a39529b27f36,United States,"Manhattan, NY",Before
6,2021-01-27T19:42:12.000Z,"@FrancisSuarez @balajis @tyler @cameron @APompliano @City_of_Anaheim @AnaheimChamber we need more focus on #Bitcoin and less focus on buying Covid yard signs

The dollar is being debased, we need #BTC on the city balance sheet",Twitter for iPhone,1354515066167562240,67109577,1,0,18,0,0c2e6999105f8070,United States,"Anaheim, CA",Before
7,2021-01-27T19:03:26.000Z,".@redditinvestors + @wallstreetbets 

After we‚Äôre done with Melvin Capital let‚Äôs run #BTC and end the Fed https://t.co/DIG0MXZI9q",Twitter for iPhone,1354505312301060097,67109577,1,2,11,0,0c2e6999105f8070,United States,"Anaheim, CA",Before
8,2021-01-27T19:28:22.000Z,"@Lemonade_Inc Add #Bitcoin as a payment option!

Look at what @CathieDWood says about tech companies needing #Bitcoin on their balance sheets",Twitter for iPhone,1354511585465647104,67109577,0,0,0,0,0c2e6999105f8070,United States,"Anaheim, CA",Before
9,2021-01-27T05:42:46.000Z,"If @GameStop really wants to stick it to the shorts, they‚Äôd start converting this capital to #bitcoin.",Twitter for iPhone,1354303817026727936,961035048626647041,0,1,9,0,b0b79caecef59fb5,United States,"Burbank, CA",Before
10,2021-01-26T02:35:09.000Z,"@dcarmitage @patsajak also asked me if I had change for a @bitcoin in the episode. 

We‚Äôre going to make it friends.",Twitter for iPhone,1353894213939728385,939779018223583233,0,1,18,0,3b77caf94bfc81fe,United States,"Los Angeles, CA",Before
11,2021-01-27T15:09:04.000Z,"@austin_rief C'mon, we know Bitcoin isn't going to tank.",Twitter for Android,1354446332040122373,1294749498711842816,1,0,3,0,3b77caf94bfc81fe,United States,"Los Angeles, CA",Before
12,2021-01-27T21:42:40.000Z,Get in on the #gamestop &amp; #bitcoin frenzy ‚Ä¢ if you use this link to join #RobinHood we both get a free stock ‚Ä¢ ü§ù https://t.co/HbahClUT4r #StocksToBuy #gamestopstock #Gamestopgate #bitcoinnews @RobinhoodApp,Twitter for iPhone,1354545383456661505,23341971,0,0,0,0,3b77caf94bfc81fe,United States,"Los Angeles, CA",Before
13,2021-01-27T03:19:48.000Z,"Join Robinhood with my link and we'll both get a free stock ü§ù
@RobinhoodApp #FreeStock 
$GME #Bitcoin #StockMarket https://t.co/pLZjeudKYc",Twitter for Android,1354267838148562945,2189173975,0,0,0,0,3b77caf94bfc81fe,United States,"Los Angeles, CA",Before
14,2021-01-27T06:12:23.000Z,"@clairlemon Nothing. It's already hyperinflation. Just not in everyday ""foods"" as they measure it in(milk,poultry,eggs...etc) . It's in asset classes. Like Real estate, stocks, #bitcoin",Twitter for Android,1354311270854402050,1305485609725640704,0,0,1,0,3b77caf94bfc81fe,United States,"Los Angeles, CA",Before
15,2021-01-27T23:30:56.000Z,@nic__carter @denverbitcoin Everyone just fk em all and buy #bitcoin and exit this system.,Twitter for Android,1354572631853305857,1305485609725640704,0,0,1,0,3b77caf94bfc81fe,United States,"Los Angeles, CA",Before
16,2021-01-27T05:37:16.000Z,"Taxis don‚Äôt like @Uber üöï

Banks don‚Äôt like #Bitcoin

Hotels don‚Äôt like @Airbnb üåá 

Office buildings don‚Äôt like Remote Worküè°

Blockbuster didn‚Äôt like @netflix üì∫

Innovation is rarely liked...‚è≥

Moral of the Story: Adapt or die...üíÄ",Twitter for iPhone,1354302435473297409,1249492586215038977,0,0,5,0,5a110d312052166f,United States,"San Francisco, CA",Before
17,2021-01-26T02:47:24.000Z,@jschul24 Bitcoin is pretty cool. Also shows how staying patient and believing in a thesis matters.,Twitter for iPhone,1353897297407397888,8060842,0,1,2,0,5a110d312052166f,United States,"San Francisco, CA",Before
18,2021-01-26T05:06:30.000Z,@jschul24 Well maybe things become part of a bigger ecosystem and #bitcoin is the brand that enables it. The gateway to a next iteration.,Twitter for iPhone,1353932302762483712,8060842,0,1,1,0,5a110d312052166f,United States,"San Francisco, CA",Before
19,2021-01-27T00:01:09.000Z,@mluo85 agree ‚Äî my colleague did a good book on this phenomenon re: Bitcoin ans their bets there,Twitter for iPhone,1354217848147648513,19040598,0,1,1,0,5a110d312052166f,United States,"San Francisco, CA",Before
20,2021-01-27T06:03:10.000Z,"@Martin68072602 @MelvinCapitalLP üò¨ Unfortunately you are dead wrong about Insider Trading, as it is rampant all throughout the worlds economy. The CCP members in China all do it. The Putin guard in Russia do it. The Germans, yep, England, check yes. I do agree though, #Bitcoin &amp; blockchain are very much needed.",Twitter for iPhone,1354308949474828288,219135797,1,0,0,0,5a110d312052166f,United States,"San Francisco, CA",Before
21,2021-01-27T11:24:55.000Z,"Breaker breaker 1 9 you got your ears on there rubber ducky? 
Rubber ducky you got to reply we've got to convoy!!! Clear the road.@iamZatoshi  is leading away with a truckload of #Bitcoin for everyone today!!! Follow him and @handcashapp maybe even send me a pew. You might get 1 https://t.co/kiO2a4Slbw",Twitter for Android,1354389924326363136,1121060505081217025,1,1,2,0,6b1ef0831cfdef30,United States,"Shell Point, SC",Before
22,2021-01-26T23:55:31.000Z,@apagut @handcashapp I think I figured a little thing out by doing just did that.that was my first transaction where I converted two other things that I had in coinbase converted them over to bitcoin from there I converted it to the cash app wallet and from there I'm going to go buy some Bitcoin bsv,Twitter for Android,1354216427750887424,1121060505081217025,0,0,4,0,6b1ef0831cfdef30,United States,"Shell Point, SC",Before
23,2021-01-27T02:54:59.000Z,It's your last chance to enter this huge Crypto giveaway by @JRNYcrypto ! 13 winners and nearly $4k in Crypto prizes! #Bitcoin #Crypto #Ethereum https://t.co/z9zuhrThnJ,Twitter for iPhone,1354261592129622017,22480154,5,0,8,0,d0e0f06490a8e595,United States,"Haddon Heights, NJ",Before
24,2021-01-26T19:01:37.000Z,@profplum99 As if owning bitcoin and social engagement are mutually exclusive. Millions of Americans own bitcoin as one of many things that they own and I am not aware of any data showing correlation between that and societal engagement. Please share some data beyond a handful of anecdotes.,Twitter for iPhone,1354142465046020096,1026980719778836481,0,1,7,0,c3f37afa9efcf94b,United States,"Austin, TX",Before
25,2021-01-26T03:45:57.000Z,@nckbtc Can I put a Roth IRA or standard IRA into Bitcoin?,Twitter for iPhone,1353912031615856640,410850631,0,6,3,0,c3f37afa9efcf94b,United States,"Austin, TX",Before
26,2021-01-26T04:35:25.000Z,@CryptoBabel As a Bitcoin loving individual surely you value agency and freedom?,Twitter for iPhone,1353924481815883776,410850631,0,1,1,0,c3f37afa9efcf94b,United States,"Austin, TX",Before
27,2021-01-26T15:04:02.000Z,"@profplum99 @Crypto16942596 Straw man. No one I know who owns bitcoin is ‚Äòopting out‚Äô though you continue to say that with zero data. For most people it‚Äôs one of the many things they own, for various reasons. You sound like a grumpy old man who thinks bitcoin is ‚Äòimpolite‚Äô. It‚Äôs silly.",Twitter for iPhone,1354082678476320768,1026980719778836481,0,0,1,0,c3f37afa9efcf94b,United States,"Austin, TX",Before
28,2021-01-27T00:52:05.000Z,Anybody have issues where an @BlockFi account gets spammy #BTC deposits?,Twitter for iPhone,1354230665521340417,410850631,0,0,0,0,c3f37afa9efcf94b,United States,"Austin, TX",Before
29,2021-01-27T21:49:51.000Z,@zerohedge My daughter bought me mine games or something like that and it was sorry I don't know how it's doing now but the rest of the stocks are doing terrible except for one of them.. and my Bitcoin the one that I have is way way down it went to $13 I was shocked. What are good stocks?,Twitter for Android,1354547192602779656,1206218254387236864,0,0,0,0,c3f37afa9efcf94b,United States,"Austin, TX",Before
30,2021-01-26T17:06:02.000Z,@TheStalwart No need to battle them - bitcoin just ends up converting them.,Twitter for iPhone,1354113379548360706,1026980719778836481,0,0,0,0,c3f37afa9efcf94b,United States,"Austin, TX",Before
31,2021-01-27T00:36:13.000Z,@PeterSchiff Bitcoin isn‚Äôt going up cause they‚Äôre busy in $amc and $gme,Twitter for iPhone,1354226672338300928,171629596,0,1,10,0,d374fb61a20fb74f,United States,"Nevada, USA",Before
32,2021-01-26T13:18:25.000Z,@jowyang I had a minimal investment in Bitcoin w/ @coinbase and candidly forgot about it. When I changed bank accounts (as one does) the linked account became inactive and for some reason Coinbase returned the Bitcoin to themselves. That small $ is worth a pretty nice vacation today. üò°,Twitter for iPhone,1354056097540182016,7518942,0,2,2,0,840f120ae56c1da7,United States,"Napa, CA",Before
33,2021-01-27T15:00:12.000Z,"@GameStop became #bitcoin
@AMCTheatres became #Ethereum 

No more #Crypto ü§î yes to #stonks üòÇ 

@fundstrat @Fairmarket_Ph @redditinvestors @wallstreetbets_ @jimcramer @elonmusk @chamath @VCRebecca @breakingmkts @carlquintanilla @MadMoneyOnCNBC @APompliano @howardlindzon",Twitter for iPhone,1354444100901113858,3218692340,3,0,5,1,85072b5a406cd0ff,United States,"Canyon Lake, CA",Before
34,2021-01-27T16:26:03.000Z,My theory is that $GME will sell fast and move to $AMC very quickly! Watch üëÄ #StocksToWatch @elonmusk @redditinvestors @reddit @ChrisCamillo @DumbMoneyTV @chamath @APompliano @fundstrat @howardlindzon @Stocktwits @coloradoriley #stonks #StonksOnlyGoUp better than #bitcoin,Twitter for iPhone,1354465703617646592,3218692340,2,1,4,0,85072b5a406cd0ff,United States,"Canyon Lake, CA",Before
35,2021-01-27T10:32:08.000Z,@elonmusk and @chamath are the new co chairman of #nyse üòÇ board members-@redditinvestors @reddit @GameStop @AMCTheatres @BlackBerry and @nokia power to the people ‚úäüèª #thenewwave and #NewNormal ü§∑üèª‚Äç‚ôÇÔ∏è no more #BITCOIN yes to #StockMarket @MadMoneyOnCNBC @CNBC @jimcramer @fundstrat https://t.co/vqKRCFKXN0,Twitter for iPhone,1354376636938874883,3218692340,2,2,3,0,85072b5a406cd0ff,United States,"Canyon Lake, CA",Before
36,2021-01-26T05:15:37.000Z,"#cryptocurrencies enthusiasts... JUMP on this @ProtocolApollo is blowing up! 

Get your $1000.00 right here below!

Trade smart, take your time, and #investing #Crypto #research 
#HODL #BTC #Ethereum #BullishonEOS #TrendingNow #Covid_19

Thanks @ProtocolApollo for this sweet deal https://t.co/tHT9zIyJ3P",Twitter for Android,1353934598254678016,1272972754002669568,1,0,1,0,5a16f6443a850916,United States,"Vancouver, WA",Before
37,2021-01-26T18:29:11.000Z,@CatJova Bitcoin was amazing for a bit. now you can use Paypal to buy and sell it,Twitter for iPhone,1354134305694310400,279408160,0,0,1,0,5a16f6443a850916,United States,"Vancouver, WA",Before
38,2021-01-26T06:07:53.000Z,Apple will have Bitcoin in their balance sheet in 5 years #Bitcoin #apple @tim_cook @maxkeiser,Twitter for iPhone,1353947751642501121,85763577,1,0,0,0,dd9c503d6c35364b,United States,"Pennsylvania, USA",Before
39,2021-01-27T03:44:29.000Z,"@NewJackHodler @briangels @_arrobamalik So they just steal all your Bitcoin , is that the game?",Twitter for iPhone,1354274050370121733,393698347,0,1,2,0,dd9c503d6c35364b,United States,"Pennsylvania, USA",Before
40,2021-01-27T20:19:13.000Z,"Now that the @DSmithShow has turned into finance talk, I‚Äôd like to offer to be the show‚Äôs resident #Bitcoin correspondent. First step, free @PlaySHAmory games for D, @MartyCaswell and @JimRussellSD. Hit me up and I‚Äôll send them your way. https://t.co/Mmr9ryhmun",Twitter for iPhone,1354524384791171074,130384095,0,1,3,1,a592bd6ceb1319f7,United States,"San Diego, CA",Before
41,2021-01-26T17:45:22.000Z,@donkyourenemies @cryptodegenerat @balajis Fewer bitcoins means deflation when priced in Bitcoin. Fewer dollars means deflation when priced in dollars,Twitter for iPhone,1354123276327428096,59888069,0,0,1,0,a592bd6ceb1319f7,United States,"San Diego, CA",Before
42,2021-01-27T06:22:24.000Z,Scaramucci Says the GameStop Phenomenon Is Positive for Bitcoin https://t.co/LXiAWzihsJ via @YahooFinance,Twitter for iPhone,1354313789957566464,1277221598357909505,0,0,1,0,a592bd6ceb1319f7,United States,"San Diego, CA",Before
43,2021-01-26T23:29:25.000Z,@RawDogg209 Lol it ain‚Äôt Bitcoin fam,Twitter for iPhone,1354209862595436547,2537916067,0,0,1,0,a592bd6ceb1319f7,United States,"San Diego, CA",Before
44,2021-01-27T20:31:02.000Z,"@XTRA1360 For anyone who wants a @PlaySHAmory game to learn about #Bitcoin, use code SANDIEGO for 10% off! https://t.co/YOZ8I7g7zk",Twitter for iPhone,1354527356564566018,130384095,0,0,0,0,a592bd6ceb1319f7,United States,"San Diego, CA",Before
45,2021-01-26T11:46:24.000Z,@jfhksar88 If Dxy goes red Bitcoin goes green,Twitter for iPhone,1354032939739168768,59888069,0,1,0,0,a592bd6ceb1319f7,United States,"San Diego, CA",Before
46,2021-01-27T02:52:44.000Z,#bitcoin @CathieDWood  Just buy it. https://t.co/XFFKRGyQF7,Twitter for iPhone,1354261028784238594,2778184379,1,0,3,0,1c69a67ad480e1b1,United States,"Houston, TX",Before
47,2021-01-26T21:06:35.000Z,He made his point  #Bitcoin @michael_saylor $btc https://t.co/vYZ62isGKx,Twitter for iPhone,1354173917448044555,2778184379,1,0,6,0,1c69a67ad480e1b1,United States,"Houston, TX",Before
48,2021-01-26T23:18:51.000Z,@tyler But can he pay vendors with Bitcoin ?,Twitter for iPhone,1354207201649455109,1011334807916367873,0,0,1,0,1c69a67ad480e1b1,United States,"Houston, TX",Before
49,2021-01-27T17:23:55.000Z,@muhriyahhh I have stock and Bitcoin and no idea what I‚Äôm doing.,Twitter for iPhone,1354480267797397511,361239742,0,0,0,0,1c69a67ad480e1b1,United States,"Houston, TX",Before
50,2021-01-26T14:00:48.000Z,@SantiagoAuFund Oh no.  Another argument for BitCoin.,Twitter for iPhone,1354066763651174400,216493329,0,0,0,0,1c69a67ad480e1b1,United States,"Houston, TX",Before
51,2021-01-27T02:04:22.000Z,@michael_saylor I can‚Äôt get over how bipolar these MSM networks are when it comes to #Bitcoin didn‚Äôt they announce Bitcoin was dead last week?,Twitter for iPhone,1354248857190805505,291491344,0,1,2,0,dc62519fda13b4ec,United States,"Tampa, FL",Before
52,2021-01-27T14:58:53.000Z,I‚Äôm gonna go full on @michael_saylor TWAP the üí©out of this #Bitcoin dip https://t.co/NP1JRllvcw,Twitter for iPhone,1354443770239078405,86157495,1,0,5,0,3df4f427b5a60fea,United States,"San Antonio, TX",Before
53,2021-01-26T00:30:57.000Z,@mark_cornella I am kicking myself at not saving my bitcoins when I bought them for like 8k lol,Twitter for iPhone,1353862956862365696,1144073454502760448,0,0,0,0,3df4f427b5a60fea,United States,"San Antonio, TX",Before
54,2021-01-26T16:02:18.000Z,@missteencrypto #Never #Bitcoin is the fastest horseüêé in investment space &amp; is out pacing every other asset!!,Twitter for iPhone,1354097339317813253,3025158466,0,1,3,0,01966db443c4c238,United States,"Ocala, FL",Before
55,2021-01-27T03:54:18.000Z,"@JumboElliott76 @GaryKaltbaum Bitcoin starting to make a serious arguement as the currency of the internet. If gov‚Äôts continue to keep interest rates low and print unlimited $$, BTC will continue to be a top performing asset for investors with a long-term view.",Twitter for iPhone,1354276522937495555,725181405215490048,0,0,2,0,e9143a85705b4d40,United States,"Hoboken, NJ",Before
56,2021-01-26T18:41:50.000Z,@jkostecki_rei @friedmandave @moseskagan Do you want me to totally blow up your spot with the blockchain explorer records of Bitcoin going to your personal wallet or are we good for now? Donate what I sent you in today‚Äôs BTC value to a children‚Äôs charity or @ResidentRelief https://t.co/vRhGs4OEd7,Twitter for iPhone,1354137490265956352,725181405215490048,0,1,1,0,e9143a85705b4d40,United States,"Hoboken, NJ",Before
57,2021-01-26T21:08:26.000Z,@TurnerNovak Honestly they should announce they are converting treasury funds to Bitcoin just to blow it to the moon and take down some more hedge funds. I would PPV to watch that announcement in real time,Twitter for iPhone,1354174379719094272,725181405215490048,0,0,0,0,e9143a85705b4d40,United States,"Hoboken, NJ",Before
58,2021-01-27T21:49:47.000Z,"@brittearley @TheTinoBambino not when your confirmations are 90% accurate &amp; you trade with high pay out currency pairs , trust .. i know what im doing , trade hfx when i‚Äôm waiting on my bitcoin set up‚Äôs",Twitter for iPhone,1354547175376777222,1587571202,0,0,0,0,00c39537733fa112,United States,"Queens, NY",Before
59,2021-01-26T14:44:09.000Z,@AnwarDTX Do you understand $BTC? üò¨,Twitter for iPhone,1354077674034102272,1223782476683927552,0,1,2,0,00c39537733fa112,United States,"Queens, NY",Before
60,2021-01-26T22:52:39.000Z,@tyler And put a #bitcoin ATM in every store,Twitter for iPhone,1354200609658908675,62086625,0,0,2,0,8e9665cec9370f0f,United States,"Minneapolis, MN",Before
61,2021-01-26T21:22:49.000Z,@paranoidbull They need bitcoin ATMs in all locations ASAP,Twitter for iPhone,1354178001357987840,62086625,0,0,1,0,8e9665cec9370f0f,United States,"Minneapolis, MN",Before
62,2021-01-27T22:32:03.000Z,@TurnerNovak 5% in one month? Bitcoin is dead!,Twitter for iPhone,1354557813910102020,62086625,0,0,1,0,8e9665cec9370f0f,United States,"Minneapolis, MN",Before
63,2021-01-27T15:09:49.000Z,@TheHoodBotanica Girl J.P. Is full of that bull trying to get all the Bitcoin,Twitter for iPhone,1354446521660542977,301677394,0,1,2,1,7142eb97ae21e839,United States,"Georgia, USA",Before
64,2021-01-26T16:07:51.000Z,"@NorthmanTrader Instead of gold or bitcoin, why dont we base a new monetary system on gamestop stock.",Twitter for Android,1354098737417605121,16066568,0,1,7,0,0eb9676d24b211f1,United States,"Cleveland, OH",Before
65,2021-01-26T04:16:39.000Z,Per glass node. Mega bullish if this is being submitted in the BEARISH section of the report. $BTC #BITCOIN üêÇüêÇüêÇ @glassnode https://t.co/qRVQBFvSOm,Twitter for iPhone,1353919757179826176,756330264440242176,0,0,1,0,a8cce6f748edf3b0,United States,"Lakemoor, IL",Before
66,2021-01-26T23:34:59.000Z,Nzoe ft Riot - Cold Cash (prod by rebelxgenius) https://t.co/FySuLitqPY via @YouTube #Cash #Cash App #money #Cashappblessing #Mastercard #GTBank #Robinhood #Bitcoin #crypto #BTC #Ripple #BitcoinCash #Binance #cryptocurrencies #Litecoin,Twitter for iPhone,1354211261077188608,187596634,0,0,1,0,acbf38761374d732,United States,"Middletown, NY",Before
67,2021-01-27T00:03:45.000Z,"@jason_schrock @allahliker In th future every thread will either end with a link to super comfortable underwear, bitcoin, or an onlyfans.",Twitter for Android,1354218502396076032,213929690,0,0,3,0,ab2f2fac83aa388d,United States,"Oakland, CA",Before
68,2021-01-27T03:18:40.000Z,@brevityisgolden @pderrico_49 I think $BTC is going back down $17000 before the end of the year.,Twitter for iPhone,1354267554588487681,40377302,0,3,3,1,ab2f2fac83aa388d,United States,"Oakland, CA",Before
69,2021-01-26T18:17:07.000Z,@StevieIsTrash Fuck bro you're making me sad üòÇ shit will never be the same ever again.. Living in the future is wack. All we got is tiktok and bitcoin,Twitter for iPhone,1354131268561113088,158653663,0,1,1,0,ab2f2fac83aa388d,United States,"Oakland, CA",Before
70,2021-01-27T05:32:07.000Z,It's your last chance to enter this huge Crypto giveaway by @JRNYcrypto ! 13 winners and nearly $4k in Crypto prizes! #Bitcoin #Crypto #Ethereum https://t.co/tCujcNues0,Twitter for iPhone,1354301139186036736,102452723,0,0,1,0,0097489a070474a6,United States,"Centerton, AR",Before
71,2021-01-27T01:55:00.000Z,@wolf_vukovic if $btc can hit 40k so can $GME,Twitter for iPhone,1354246499853598721,1158954442412179456,0,0,2,0,f3d6bfeecd27dfce,United States,"Lake Success, NY",Before
72,2021-01-27T02:36:31.000Z,"@3LAU great hearing you chat on blockchain &amp; booze.  Looking forward to the upcoming song #DLT   You should connect with @The88N8  he is a rapper in #LasVegas  that often raps about #Bitcoin 
This is my favorite song of his:  https://t.co/cFJZVdGBOj",Twitter for Android,1354256945390075904,104904044,0,1,2,0,b71fac2ee9792cbe,United States,"Sacramento, CA",Before
73,2021-01-27T09:51:19.000Z,"$GME

Look at the wall of money flowing into this Fin Twit blood fight of Mo Momentum Money

üî•üí∏

@wallstreetbets who knows how much Bitcoin and other riches remain in #wallstreetbets reserve?

Another 200 million share day, and we could see $50 billion trade to test solvency. https://t.co/W95cTg4xLv",Twitter for iPhone,1354366367751786497,41240592,1,1,2,0,07d9e4baaa887000,United States,Bow Mar Beach,Before
74,2021-01-27T21:04:04.000Z,@Malc_truee_ tell me what am i supposed to do with my bitcoins?? i have some but it just sits there because I have no idea how to shop with or use them lol.,Twitter for iPhone,1354535671898238980,2947431863,0,1,1,0,d3f378f122d4f4a7,United States,"Cheektowaga, NY",Before
75,2021-01-27T05:39:15.000Z,@coinbase when will you support GameStop? I believe this is the future of currency. $GME &gt; #Bitcoin,Twitter for iPhone,1354302930434871302,29753645,0,1,2,0,898265bec13bd843,United States,"Danvers, MA",Before
76,2021-01-27T01:46:44.000Z,@goddessallie I want more deer heads on the wall.#bitcoin for Bambi fair trade??? https://t.co/EixmMcG2wj,Twitter for Android,1354244416790261760,1197675279382130691,0,0,1,0,4ec01c9dbc693497,United States,"Florida, USA",Before
77,2021-01-27T01:53:27.000Z,@_Audacious1 That‚Äôs how I feel about Bitcoin ü§¶üèæ‚Äç‚ôÇÔ∏è,Twitter for iPhone,1354246108294356992,185148786,0,1,1,0,4ec01c9dbc693497,United States,"Florida, USA",Before
78,2021-01-27T00:29:17.000Z,"The answer is ‚ÄúTether‚Äù (USDT)

I personally plan to commit at least $1000 to this new digital currency. I‚Äôm hoping it trends the same way Bitcoin did ‚ÄºÔ∏è

It‚Äôs currently ranked as #3 crypto currency as far as @cryptocom ü§ùü§ë

https://t.co/ZwZttwMFwQ https://t.co/6lLO8Nb8Qk",Twitter for iPhone,1354224927205953537,1267371144035827713,0,0,1,2,67b98f17fdcf20be,United States,"Boston, MA",Before
79,2021-01-26T21:32:16.000Z,"@jeffreymack @kendavenport ‚Äòs websites . He is a #marketingtwitter genius .  If I were the Broadway League , I‚Äôd make him El Presidente. #Bitcoin",Twitter for iPhone,1354180378324566017,271929399,0,0,1,0,7b7074fe53a1816e,United States,"Ambridge, PA",Before
80,2021-01-27T07:25:36.000Z,"@jenjuneauhaupt I was just reading an article about that guy who only has two guesses left on his Bitcoin fortune üò≥ and was relaying the info at dinner when I scrolled up and saw your name! üòÇ love it. Great article, too. I have no idea what I would do if I was that guy.",Twitter for iPhone,1354329694804471910,1193831,0,0,1,0,2571b7720cd62ad3,United States,"Highlands Ranch, CO",Before
81,2021-01-27T19:18:06.000Z,@PeterSchiff @michael_saylor üòÇüòÇüòÇ your a funny guy @PeterSchiff we are still waiting for you to disclose your #Bitcoin bags!!!,Twitter for iPhone,1354509002202259456,1111636106137657345,0,0,1,0,a1839e9c3b5abff6,United States,"Sunrise Manor, NV",Before
82,2021-01-27T15:33:48.000Z,@APompliano Governments Will Start to Hodl Bitcoin in 2021!!,Twitter for iPhone,1354452557502898183,1111636106137657345,0,0,1,0,a1839e9c3b5abff6,United States,"Sunrise Manor, NV",Before
83,2021-01-27T18:49:01.000Z,"@kelenahan What‚Äôs coming is terrifying. A dollar crisis is on the horizon. Gold, real estate, and bitcoin are some of the only store of value safe heavens to protect against the 15-20% annual increase of the money supply. The next 5-10 years will be very interesting",Twitter for iPhone,1354501682760040448,77912880,0,1,1,0,1e44580207602e94,United States,"Pupukea, HI",Before
84,2021-01-27T02:56:19.000Z,@HireFireteam @TaylorHoliday @trylolli Holding bitcoin is less risky than holding USD that is being debased at ~15+% per year (30% in 2020).,Twitter for iPhone,1354261927703134211,77912880,0,0,1,0,1e44580207602e94,United States,"Pupukea, HI",Before
85,2021-01-27T15:17:03.000Z,"@cenaclecapital I hear a bunch of wealthy hedge fund managers are short #bitcoin

Just sayin‚Äô...",Twitter for iPhone,1354448341258670082,265751770,0,1,1,0,1d9a5370a355ab0c,United States,"Chicago, IL",Before
86,2021-01-27T05:16:33.000Z,"For the record, if any of y‚Äôall are EVER in a clubhouse room about the stock market, please ping me! @kingoftheswipe my clubhouse explore aint shit but 21 savage ü§∑üèæ‚Äç‚ôÇÔ∏è #stockmarket $amc $nok $bb $bbby $elcr $blsp $atvk $asti $ogi $f $ge $gluu #btc",Twitter for iPhone,1354297218539388932,1231715548326703107,0,0,2,0,1d9a5370a355ab0c,United States,"Chicago, IL",Before
87,2021-01-26T04:50:51.000Z,@billscher @bitcoin_bully The issue is if you abolish the filibuster the 1st thing you have to do is pack the Supreme Court because there is a good chance the Supreme Court strikes down a lot of what is passed and you have abolished the filibuster for nothing.,Twitter for Android,1353928366169194497,30782538,0,0,2,0,51f0deb37d8cc259,United States,"Carl Junction, MO",Before
88,2021-01-27T22:59:36.000Z,@RyanCCalder @PeterSchiff #bitcoin &gt; GameStop &gt; AMC &gt; Gold,Twitter for iPhone,1354564743546032133,15940573,0,1,1,0,18493e2aa88d7ae3,United States,"Dana Point, CA",Before
89,2021-01-27T03:32:10.000Z,@trystineann @MattHansenGolf I‚Äôll buy GameStop before Bitcoin lol,Twitter for iPhone,1354270951043604484,304792779,0,1,1,0,18493e2aa88d7ae3,United States,"Dana Point, CA",Before
90,2021-01-27T21:51:09.000Z,"@_letterbxmb More internet access, smaller investing sites now available, Bitcoin, etc. more awareness...",Twitter for iPhone,1354547520706375686,1236701793138196480,0,0,0,0,1f703799b3940c20,United States,"Manassas, VA",Before
91,2021-01-27T16:22:53.000Z,@PortlandCane Some people may have sold bitcoin to get in on GameStop,Twitter for Android,1354464909715714054,121497721,0,1,1,0,34031d61ef79585f,United States,"Davie, FL",Before
92,2021-01-27T05:27:34.000Z,@NorthmanTrader @JanetYellen #btc = freedom from these govt control and lies about your money and today #millennials proved they can own wall street investors and stick it in them.....props boys.   Well done,Twitter for iPhone,1354299993885171712,74367439,0,0,0,0,34031d61ef79585f,United States,"Davie, FL",Before
93,2021-01-26T11:07:13.000Z,@crypto_blkbeard Silly. There‚Äôs up down left right.   CT is destroying our sense of directions #btc,Twitter for iPhone,1354023078980939778,74367439,0,0,0,0,34031d61ef79585f,United States,"Davie, FL",Before
94,2021-01-27T21:09:34.000Z,"@AliceFromQueens @antoniogm @clairlemon I'm wondering when some bigfoot starts denominating something in a ""basket"" of $,‚Ç¨,¬•,¬£, RMB, bitcoin, oil, gold.",Twitter for Android,1354537055632711687,392698669,0,0,1,0,ab1cb346534d99ea,United States,"Fairborn, OH",Before
95,2021-01-26T18:46:24.000Z,@lopp 1 Bitcoin = 1 Bitcoin. The U.S. dollar gyrates like crazy.,Twitter for iPhone,1354138638234357760,27723361,0,0,3,0,8a9c191d2cf2e895,United States,"Scarsdale, NY",Before
96,2021-01-27T02:07:22.000Z,@nazranayusufzai Bitcoin in 2013,Twitter for iPhone,1354249612018786307,449124708,0,1,1,0,01fbe706f872cb32,United States,"Washington, DC",Before
97,2021-01-27T14:11:53.000Z,"@ElectrumWallet Dear @PickMySolar:

üîÜilu &amp; #SolarPV

üìõHOWEVR

‚ö†Ô∏è#Electrum is a lightweight #Bitcoin wallet using #SPV #SimplePaymentVerification

üî∞
üí•Pick another alloy‚ÄºÔ∏è

üòæU can‚Äôt dotco on top of a .org offering üÜìOSS over decade+‚ÄºÔ∏è

üìõDo NOTü§¨w/ my #BTC
ü§ëSatoshi+Storageüîã@ElectrumWallet‚ÄºÔ∏è https://t.co/tYmIE02YiJ",Twitter for iPhone,1354431942435995653,65090589,0,0,0,0,01fbe706f872cb32,United States,"Washington, DC",Before
98,2021-01-26T23:33:46.000Z,@stardales @NorthmanTrader @JanetYellen Cool you can continue to watch the Bitcoin rising and rising movie. ‚úåÔ∏è,Twitter for iPhone,1354210957367631874,317337781,0,0,1,0,c28ef1055654ebbb,United States,"Kendale Lakes, FL",Before
99,2021-01-27T17:18:34.000Z,@dougboneparth @nixdulay Ok but how many called you trying to get into Bitcoin??,Twitter for iPhone,1354478922189086722,191949072,0,1,1,0,944c03c1d85ef480,United States,"Fresno, CA",Before
100,2021-01-27T23:24:01.000Z,@Friday_Beers Throw in a ‚Äúbuying bitcoin‚Äù reference every now and again. Beat the herd.,Twitter for iPhone,1354570890911080449,942107662522703872,0,0,1,0,f6323dda7fe55af4,United States,"South Hooksett, NH",Before
101,2021-01-26T15:18:13.000Z,@pasmith The Bitcoin effect.,Twitter for iPhone,1354086245677359105,15032761,0,0,1,0,f1d134c7fd204d74,United States,"Manchester, CT",Before
102,2021-01-26T20:54:44.000Z,@mikepoip I wouod love bitcoin $ChrisNorum,Twitter for Android,1354170933943136257,397628669,0,0,0,0,a1a25de9f5efa69b,United States,"Eden Prairie, MN",Before
103,2021-01-27T14:41:17.000Z,@RobinhoodApp figures there's a big move in Bitcoin and we're locked out of her account can't make a trade,Twitter for Android,1354439338893864961,373434563,0,0,0,0,6a3c00987122ff28,United States,"Clover Creek, WA",Before
104,2021-01-27T04:16:37.000Z,@davidgokhshtein Bitcoin,Twitter for iPhone,1354282136312934401,24386021,0,0,1,0,2cfcb4f6cd9fd853,United States,"Cross Lanes, WV",Before
105,2021-01-27T18:37:11.000Z,"People at the pickle ball courtsüìàüìàüìà

@garyvee #garyvee @TeamGaryVee #garyvaynerchuk #contentmarketing #Bitcoin #BTC #DeFi #investing #investment https://t.co/015t0HS6cQ",Twitter for iPhone,1354498706171719687,1342956227559616512,0,0,0,0,1df25ee9d228c091,United States,"Lake Wylie, SC",Before
106,2021-01-26T23:40:24.000Z,@StockDweebs üòÇüòÇüòÇüòÇüòÇüòÇüòÇ seriously. Not $btc !,Twitter for iPhone,1354212626688057347,1012372291513208832,0,0,1,0,ac17780ab389ddc7,United States,"Sag Harbor, NY",Before
107,2021-01-27T13:17:43.000Z,Whales watch these big YouTubers like @Bitboy_Crypto and they work to make the market go the opposite way. Real talk. When you realize that you can stack #eth and #bitcoin with ease,Twitter for iPhone,1354418308112650240,1057692519935311872,0,0,0,0,348c0d2b6568bead,United States,"Hannibal, MO",Before
108,2021-01-27T04:25:24.000Z,"SableAssent Tech Tour Podcast this Wendsday 8 p.m. w/Host Marlena Evans 
#SAC1 #sableassent #sablecoin #sacwallet #webuyblack #bahamas #Haiti #jamaica #dubai  #ghana #nigeria #nyc #bitcoin #etherum #blockchain  #atl #blackexcellence #blacklivesmattter  #dc #detroit @oneunited https://t.co/i9EdMbUUYv",Twitter for Android,1354284348304977920,608871531,0,1,1,0,0121b92345f0e2b4,United States,"Miami Beach, FL",Before
109,2021-01-27T01:43:51.000Z,"@SwanBitcoin is the best way to accumulate Bitcoin with automatic recurring buys.
#Bitcoin #Crypto #blackbitcoinbillionaire #Clubhouse #retireearly #Veterans #edupreneur 
  Become a Swan member today and get $10 of free Bitcoin! https://t.co/ug5gZzfB3I",Twitter for iPhone,1354243690542358531,71740137,0,0,0,0,1c73ebb264e145ee,United States,"Louisiana, USA",Before
110,2021-01-26T12:06:08.000Z,@PeterSchiff Imagine a #gold bug writing and fixating more on #bitcoin.  Seems like the same platitudes he was spewing at $10k.,Twitter for iPad,1354037907632304128,325098689,0,0,0,0,6ac2e48ec4892d20,United States,"Cornelius, NC",Before
111,2021-01-26T19:19:52.000Z,My @USAA account links with @coinbase! #Bitcoin,Twitter for iPhone,1354147058102362240,2871450784,0,0,0,0,737fcb9daae404ac,United States,"Boise, ID",Before
112,2021-01-27T20:14:50.000Z,"Bookstores hated @amazon ... taxis hated @Uber ... hotels hated @Airbnb ... theatres &amp; movie rental stores hated @netflix ... and banks hated bitcoin.

If someone hates you, they prolly afraid of ya greatness. ‚ú®",Twitter for iPhone,1354523280766599175,992451157384744966,0,0,0,0,8173485c72e78ca5,United States,"Atlanta, GA",Before
113,2021-01-26T01:21:51.000Z,@EBJunkies @moneymetalcakes Yea but if you‚Äôre trying to make some big money you get in at 1 eth for 1400 instead of buying a whole Bitcoin at 32k. Look at the gains in the last month with ETH vs BTC .112 percent vs 21 percent https://t.co/ALbPf6GdZk,Twitter for iPhone,1353875768510705666,293720871,0,1,0,0,5ac3a87e888f9b55,United States,"Spotsylvania Courthouse, VA",Before
114,2021-01-26T01:13:22.000Z,@EBJunkies @moneymetalcakes I hope you guys are getting in on ETH (Ethereum) it‚Äôs the next Bitcoin,Twitter for iPhone,1353873631340879872,293720871,0,1,0,0,5ac3a87e888f9b55,United States,"Spotsylvania Courthouse, VA",Before
115,2021-01-26T01:26:31.000Z,@DanielaCambone What‚Äôs your prediction? I can‚Äôt tell if your not on the #Bitcoin train?,Twitter for iPhone,1353876941758201858,3127052945,0,0,1,0,6b24fd2834eaa53c,United States,"Niantic, CT",Before
116,2021-01-27T18:27:31.000Z,"@adamdavidson can you do another Global Pool of Money episode soon?  This K recovery needs a storyteller. Tesla and GameStop, Reddit vs Hedge Fund managers. Bitcoin back in a craze. SPACs like tulips.",Twitter for iPhone,1354496274171457541,14155782,0,0,0,0,c7b003d493c9e5ee,United States,"Sausalito, CA",Before
117,2021-01-26T13:03:39.000Z,IMF Plan To Replace Bitcoin/Gold/Dollar With Digital SDR!! (Shocking Inf... https://t.co/f37N8IKxPi via @YouTube,Twitter for iPhone,1354052380757778432,22834082,0,0,0,0,28db2dbc4240f0b2,United States,"Worcester, MA",Before
118,2021-01-26T00:07:29.000Z,@chamath @PeterSchiff It‚Äôs going to be fun watching Janet Yellen ban Bitcoin. @Bitcoin $MARA @federalreserve @JoeBiden $JPM Bitcoin can be a huge national security threat and it has to be stopped.   Vote @elonmusk @GavinNewsom @MayorOfLA @WSOP @PwCUS what should @POTUS do?,Twitter for iPhone,1353857051852595205,50185177,0,0,0,0,e1e35d357ceefa52,United States,"Redondo Beach, CA",Before
119,2021-01-26T14:31:44.000Z,President Biden's Financial Team Will Clarify Bitcoin and Cryptocurrency Regulations @themotleyfool #stocks $GBTC $MSTR $CLSK https://t.co/oBb4TBxoct,Twitter for iPhone,1354074548182921217,726464466687262720,0,0,0,0,ee2930da9f67751a,United States,"Riviera Beach, FL",Before
120,2021-01-26T05:36:03.000Z,@lessin @BitPay easiest way ‚Äòaccept‚Äô #Bitcoin while never touching it.,Twitter for iPhone,1353939738336477184,898435580,0,0,0,0,9cee92fec370baf9,United States,"Burlingame, CA",Before
121,2021-01-26T03:01:53.000Z,@Bitboy_Crypto TOMMY BAHAMA? I thought it would have Bitcoins and chainlinks and Polkadots on it,Twitter for Android,1353900943780229121,1305288051208445952,0,0,0,0,3a22597bb94d08bd,United States,"Tuscaloosa, AL",Before
122,2021-01-26T01:19:42.000Z,"@SSTR2020 @PeterSchiff He‚Äôs definitely not pissed, believe me. He‚Äôs just trying to explain to people what he believes is going on. He‚Äôs a really smart guy. He doesn‚Äôt hate Bitcoin or hodlers but they all hate him. They should love him for his anti-Fed stance and economics knowledge.",Twitter for iPhone,1353875227906867202,509830046,0,0,0,0,011add077f4d2da3,United States,"Brooklyn, NY",Before
123,2021-01-26T01:10:48.000Z,@SSTR2020 @PeterSchiff Well I think the US dollar is worthless but I have to use it bc of legal tender laws. To me it makes perfect sense when he says Bitcoin is nothing. I get that it‚Äôs information but what can you do with that info? I know I sound ignorant but I‚Äôm really trying to just understand.,Twitter for iPhone,1353872985388691456,509830046,0,0,0,0,011add077f4d2da3,United States,"Brooklyn, NY",Before
124,2021-01-26T20:14:25.000Z,@rblackfriends Bitcoin?,Twitter for iPhone,1354160785895862272,130720415,0,2,0,0,011add077f4d2da3,United States,"Brooklyn, NY",Before
125,2021-01-27T18:36:58.000Z,@FrancisSuarez @balajis @tyler @cameron @APompliano @FrancisSuarez maybe you can use the Bitcoin Currency to clean up your Filty nasty looking City. Especially Liberty City area. @MiamiMayor @CityofMiami @KeonHardemon @wsvn @WIOD @WPLGLocal10 https://t.co/sFjl1QrSWd,Twitter for Android,1354498652262293511,135390333,0,0,0,0,95f2534ad19f77e9,United States,"Sunset, FL",Before
126,2021-01-27T15:13:00.000Z,"@CSURAM88 @nba_topshot Thank God I have top shots as my financial hedge against stock market equities! 

Should I trade in my Bitcoin for cards too?  Bitcoin performance is sticking in my craw.",Twitter for iPhone,1354447323175264264,456986237,0,0,0,0,b463d3bd6064861b,United States,"Detroit, MI",Before
127,2021-01-26T20:26:30.000Z,"@louiescards @SamENole Despite having some Bitcoin as a small part of my investments, I do not understand the crypto market. 

This could help to explain my reluctance to buy in to this investment. I assumed it was mostly a sports collector driven market but I am out of my element.",Twitter for iPhone,1354163828863463425,456986237,0,0,0,0,b463d3bd6064861b,United States,"Detroit, MI",Before
128,2021-01-27T13:15:05.000Z,@davidgokhshtein I sure would. With that money I'd buy much #Bitcoin and pays much bills...,Twitter for Android,1354417647211974658,148060012,0,0,0,0,01c689cd0c26beaa,United States,"Aberdeen, MD",Before
129,2021-01-27T18:07:32.000Z,@CNBC trying to stop the free market ü§¶üèº #Bitcoin,Twitter for iPhone,1354491246115512321,304484381,0,0,0,0,b2315840f73535b3,United States,"Brewster Hill, NY",Before
130,2021-01-26T02:25:16.000Z,@PeterSchiff @michael_saylor Sticks and stones...  words cannot hurt #Bitcoin,Twitter for iPhone,1353891727635955712,2479366357,0,0,0,0,0fc344f258542000,United States,Lake Tahoe Pizza Company,Before
131,2021-01-26T12:24:37.000Z,@casinomoon @whale_alert @Mashinsky So next time you transfer your bitcoin to a new wallet I will assume you understand that you sold it. I don‚Äôt think there is anyway you‚Äôre going to get closer to truth by arguing the point you‚Äôre arguing.,Twitter for iPhone,1354042559912321024,391139613,0,1,0,0,5c62ffb0f0f3479d,United States,"Phoenix, AZ",Before
132,2021-01-27T17:43:24.000Z,"@Codes_matodes Bitcoin is essentially a faith based currency it‚Äôs value is determined by people deciding that it has worth. 
A is worth A
Contrast this with traditional stocks where a company provides good or services that you  make a value judgment on.
A dose B which is worth C so A is worth D",Twitter for iPhone,1354485169097330690,3183465349,0,1,0,0,5c2b5e46ab891f07,United States,"Las Vegas, NV",Before
133,2021-01-27T21:48:02.000Z,@isiah4congress #bitcoin helps solve this,Twitter for iPhone,1354546734345711617,250211383,0,0,0,0,119a13e394cab98e,United States,"Lake Mary, FL",Before
134,2021-01-27T03:55:34.000Z,@getwired Running a memory expander stops ransomware and gives you Bitcoin,Twitter for iPhone,1354276838302834688,25337234,0,1,0,0,30344aecffe6a491,United States,"Fremont, CA",Before
135,2021-01-27T16:07:23.000Z,"@SethCL @mistman78 Bitcoin recent sell off, could it be cashing out to rotate to this new trade? Tons of liquidity from that and $AMC WINNERS, hunting for a home",Twitter for iPhone,1354461007343542273,793499106089984000,0,1,0,0,009d3c3d41dbb00e,United States,"Enterprise, NV",Before
136,2021-01-27T12:56:41.000Z,"@Manny37679105 @_SaVage_MoNey @amtvmedia What happens to the price of BitCoin when they say they have a fusion energy device that can produce the same amount of electricity a Nuclear Power plant can from a year, just in one day?",Twitter for Android,1354413016448724995,844035432568434689,0,0,0,0,c8022ca5114d7ea9,United States,"Salem, OR",Before
137,2021-01-27T13:02:33.000Z,@Bitcoin_Playboy @GoosePizza4 @DeItaone Fuck bitcoin. Fusion Energy patent already out lol.,Twitter for Android,1354414494504669187,844035432568434689,0,0,0,0,c8022ca5114d7ea9,United States,"Salem, OR",Before
138,2021-01-27T05:58:31.000Z,@notemma42069 I could join a pyramid scheme? Bitcoin? Idk what is an ‚Äúextra‚Äù couple hundred bucks I‚Äôve never heard of that,Twitter for iPhone,1354307779058692104,379878061,0,1,0,0,3b98b02fba3f9753,United States,"North Carolina, USA",Before
139,2021-01-27T22:25:44.000Z,"@hasanthehun Screw those 1%ers, the same ones that we bailed out in the banking crisis, yeah ""we the people"" that are having a hard time making rent bailed out these vultures, making money off of businesses that suffered during covid ...
Buy Bitcoin decentralize ...",Twitter for Android,1354556220967972870,4925993009,0,0,0,0,d970e7fd69eaf4ec,United States,"Melbourne, FL",Before
140,2021-01-27T03:17:14.000Z,@ChuckJames919 Wish I would have bought some a month ago.  I have been watching my Bitcoin increase 300%. Wish I would have bought more of that.,Twitter for iPhone,1354267193588985858,54199580,0,0,0,0,06d6054b42e6575f,United States,"Olathe, KS",Before
141,2021-01-26T01:25:05.000Z,@pulte You are right!  I reply every time you tweet. Please buy me a Bitcoin or a Etherum!  Please help me invest. I struggle every day eating one meal a day trying to save money and invest for my son‚Äôs future. Please help me!  Thanks üôè,Twitter for iPhone,1353876581178085376,922075320,0,1,0,0,288de3df481163e8,United States,"Alabama, USA",Before
142,2021-01-27T01:14:37.000Z,@elonmusk hey my buddy Cliff wants you to buy bitcoin he thinks it would be good for everyone.  Also rockets are cool üòé,Twitter for Android,1354236333645033475,481247056,0,0,0,0,bef8582768ceea7a,United States,"East Shoreham, NY",Before
143,2021-01-27T04:20:36.000Z,"@jasonkersey @Eddie_Rado I get that josh is butthurt, but at the time he was gold and Riley was bitcoin! Gold had a solid value that wasn‚Äôt going to go up but wasn‚Äôt going to go down! Riley had the potential to sky rocket and did! He may have been the safe investment but Riley was the jackpot investment",Twitter for iPhone,1354283139959549957,941537528225595392,0,0,0,0,bd3d2074a33fbd06,United States,"Oklahoma, USA",Before
144,2021-01-26T20:47:05.000Z,"@MacMallyMMA PS - If you lose, we will excommunicate you from not only the MMA community, but also modern society. You will spend your days toiling in relative obscurity, wondering where you went wrong, clinging to bitcoin. It ain't cute. Go fkng train, please. @Benaskren

Love,
Us",Twitter for Android,1354169008937984000,1307535957474902018,0,0,0,0,00b9904f25cf6e14,United States,"Thorofare, NJ",Before
145,2021-01-27T23:50:46.000Z,@JoeBiden administration not good for #Bitcoin,Twitter for iPhone,1354577621443608576,718581452837953540,0,1,0,0,5635c19c2b5078d1,United States,"Virginia, USA",Before
146,2021-01-27T14:57:04.000Z,@AskRobinhood big move in Bitcoin and we're locked out what the fuc,Twitter for Android,1354443310106988548,373434563,0,0,0,0,58bbeb0f59fec425,United States,"Waller, WA",Before
147,2021-01-26T13:05:13.000Z,@laurashin @michael_saylor How‚Äôs his business without the bitcoin?,Twitter for iPhone,1354052774527442946,66714733,0,0,0,0,005e3661711a29a9,United States,"Boynton Beach, FL",Before
148,2021-01-27T07:52:16.000Z,@rohvn_ @broitsjohn He told me Bitcoin was dumb 5 years ago,Twitter for iPhone,1354336407435714569,120974505,0,1,0,0,3d533362cdab8107,United States,"Irvine, CA",Before
149,2021-01-27T19:58:34.000Z,@Irishfan1977 Kinda like Bitcoin üòÄ,Twitter for iPhone,1354519185263570946,16696986,0,1,0,0,3877d6c867447819,United States,"Fort Wayne, IN",Before
150,2021-01-27T17:22:53.000Z,@cameron @elonmusk How about this control @TDAmeritrade is scared.   It's our risk   #btc solves this https://t.co/8qgeRd9SR2,Twitter for iPhone,1354480008337760258,74367439,0,0,0,0,045badf8fedd9c63,United States,"North Miami Beach, FL",Before
151,2021-01-27T15:32:30.000Z,@AlSharpTongue I did legit buy Bitcoin this morning tho üòÇ,Twitter for iPhone,1354452227788779520,1135398836,0,0,0,0,04cb31bae3b3af93,United States,"Miami, FL",Before
152,2021-01-26T20:37:36.000Z,@jamesdouglasa I would love to really understand how bitcoin works. I am verified,Twitter for iPhone,1354166620223139840,1338937037412573185,0,0,0,0,00c3e46c3d0cac08,United States,"Frisco, TX",Before
153,2021-01-27T18:13:49.000Z,@BCAppelbaum @kylewadegrove I‚Äôd take a Bitcoin backed r/MemeEconomy,Twitter for iPhone,1354492826365489153,23558652,1,0,1,0,7d62cffe6f98f349,United States,"San Jose, CA",Before
154,2021-01-26T13:49:45.000Z,@souljaboy 1. bitcoin 2. etherium 3. litecoin 4. dogecoin,Twitter for iPhone,1354063983796486144,29797816,0,0,0,0,44453d2ae8e47fd5,United States,"Mount Vernon, NY",Before
155,2021-01-27T23:51:47.000Z,@LilBoFLO Bitcoin,Twitter for iPhone,1354577876289466368,552098434,0,1,0,0,94965b2c45386f87,United States,"New York, USA",Before
156,2021-01-26T17:31:56.000Z,@souljaboy #btc all in!,Twitter for iPhone,1354119897458962432,1499622104,0,0,1,0,01c060cf466c6ce3,United States,"Long Beach, CA",Before
157,2021-01-26T06:11:37.000Z,@EvaJenningsLive @LiveJasmin @GreatAssBigTits @Bigtitbabes @Boobs_4_You @NickNoble9 @bigtitmafia @number_kuusysi @nuttinbutgirls @AmateurBigtits @itslatinotimeto @Boobs_Bitcoin @SccsMRUK @BigJuggsWorld @Dcuplover @Boobs_Approver @TuesdayTitty Eva....you gotta autograph a pair of those blue jean shorts for me. You know good and well what they do to me!!! I believe you could work that in to your busy schedule...ok‚ù§,Twitter for Android,1353948688033443840,1185183393639743488,0,0,0,0,482718a57149bdd5,United States,"Wade Hampton, SC",Before
158,2021-01-27T23:36:20.000Z,"@dougboneparth 60% $BTC, 40% $ETH",Twitter for Android,1354573990723952645,539442421,0,0,0,0,9883a4be0cbd497c,United States,"Tukwila, WA",Before
