,created_at,source,id,text,author_id,geo.place_id,public_metrics.retweet_count,public_metrics.reply_count,public_metrics.like_count,public_metrics.quote_count,geo.coordinates.type,geo.coordinates.coordinates,country,full_name,Timeline
0,2021-02-01T06:41:46.000Z,Twitter for iPhone,1356130602609569796,"‚ÄúI think bitcoin is a good thing. I‚Äôm late to the party, but i‚Äôm a supporter of bitcoin.‚Äù

‚ÄúBitcoin is on the verge of gaining broader acceptance by conventional finance people.‚Äù

- @elonmusk",196277177,0134e6167ff7f6ec,131,27,1114,10,,,United States,"Summerlin South, NV",After
1,2021-02-01T06:53:55.000Z,Twitter for iPhone,1356133660437569537,"In case you missed it, there‚Äôs a military coup happening in Myanmar, Elon Musk is speaking on @joinClubhouse and we still don‚Äôt quite know what all the GameStop stock market craziness means. Bitcoin is holding at ~$33k. Here comes February 2021!",1246912104814088192,5a110d312052166f,1,0,8,0,,,United States,"San Francisco, CA",After
2,2021-02-02T07:44:40.000Z,Twitter for iPhone,1356508823339421696,"WSB went from ~1.8M to 8.1M ‚Äúdegenerates‚Äù in under two weeks. Around half a million PER DAY!? Based on publicly available knowledge, I think that‚Äôs about 4-5x faster than @coinbase user growth per day during the end-of-2017 #bitcoin 20k bull run. WOW. @wsbmod",20785946,5a110d312052166f,0,1,8,0,,,United States,"San Francisco, CA",After
3,2021-02-01T07:22:56.000Z,Twitter for iPhone,1356140965472333826,"Elon Musk on @joinClubhouse: ‚ÄúI think Bitcoin is on the verge of being accepted by conventional finance people‚Äù 

Tesla going to buy Bitcoin in treasury for balance sheet in next 12 months",142110189,5a110d312052166f,0,0,11,2,,,United States,"San Francisco, CA",After
4,2021-02-01T06:44:09.000Z,Twitter for iPhone,1356131203313672193,"Musk bullish on #bitcoin , and #dogecoin to be currency of Earth (note he didn‚Äôt include Mars) 
on @joinClubhouse 

Much üåô",4067601,5a110d312052166f,1,0,3,0,,,United States,"San Francisco, CA",After
5,2021-02-01T08:13:14.000Z,Twitter for iPhone,1356153623877574657,ü§òcan we get him to do a @metalpaysme ad campaign? #Bitcoin #dogecoin #Proton $XPR $MTL #Litecoin #Ethereum ü§òü§òü§ò #VeFam #LinkMarines #LitecoinFam #crypto #rocknroll Let‚Äôs go! https://t.co/m1TpDVjQA3,1147339260132900864,5a110d312052166f,1,0,5,0,,,United States,"San Francisco, CA",After
6,2021-02-02T05:29:12.000Z,Twitter for iPhone,1356474728924372992,"@MissGibbReads @ndrew_lawrence I doubt he‚Äôd endorse your take on what he said.
It is mostly males trading sToNkS and bitcoin.
Not sure about cutting being more prevalent with females.
He seems to be bringing up some valid points about screen addiction.
So... short $AAPL to $10?",2248131116,5a110d312052166f,0,0,0,0,,,United States,"San Francisco, CA",After
7,2021-02-01T19:51:12.000Z,Twitter for iPhone,1356329270130352128,"@RobinhoodApp Do you have the #Bitcoin that you say you have?

Please let us verify the supply you have on hand",67109577,0c2e6999105f8070,1,0,12,0,,,United States,"Anaheim, CA",After
8,2021-02-02T04:33:30.000Z,Twitter for iPhone,1356460711279357952,"@CynthiaMLummis Thank you for saying this!

#BTC #Freedom",67109577,0c2e6999105f8070,0,0,25,0,,,United States,"Anaheim, CA",After
9,2021-02-01T06:46:53.000Z,Twitter for iPhone,1356131893821902851,"Don‚Äôt worry, @elonmusk. You might have been late to the #Bitcoin party, but you‚Äôre just in time to join the SHAmory one. 

#ElonMusk https://t.co/n1EwDpLNVX",1192650442334855168,a592bd6ceb1319f7,2,0,7,0,,,United States,"San Diego, CA",After
10,2021-02-02T14:20:00.000Z,Twitter for iPhone,1356608309579550721,You Rock! @JajaaSB keep up the great work! #BitcoinCash Thailand knows what‚Äôs up!üòé The USA needs to step it up or be left behind! #BTC #BCH #cryptocurrency https://t.co/rIAC3WijhN,1136465942685179905,a592bd6ceb1319f7,0,0,11,0,,,United States,"San Diego, CA",After
11,2021-02-02T00:48:27.000Z,Twitter for iPhone,1356404079216390144,@thatspootykid some online casinos like Roobet accept Bitcoin / Ethereum,2177174767,a592bd6ceb1319f7,0,0,2,0,,,United States,"San Diego, CA",After
12,2021-02-01T01:40:49.000Z,Twitter for iPhone,1356054866607501313,This space needs an interview with @michael_saylor and @IOHK_Charles immediately. The amount of jewels that would be dropped. üëåüèæ decentralized #Bitcoin #Cardano,226228560,a592bd6ceb1319f7,0,0,1,0,,,United States,"San Diego, CA",After
13,2021-02-02T16:11:27.000Z,Twitter for iPhone,1356636359985782784,"It‚Äôs clear @michael_saylor is on the path to 100k, maybe 1mil  #Bitcoin . He‚Äôs about magnitudes. How many others are or will be doing the same? https://t.co/mrdDwU4mDe",945361731462750208,a592bd6ceb1319f7,0,0,1,0,,,United States,"San Diego, CA",After
14,2021-02-02T23:43:07.000Z,Twitter for iPhone,1356750024474906625,"@jmazzjd Oh yeah, just don‚Äôt want the hassle of setting up more accounts, Bitcoin deposits, etc. I just see Will Z at 33 so #sad",735407849489203200,a592bd6ceb1319f7,0,0,1,0,,,United States,"San Diego, CA",After
15,2021-02-02T06:11:29.000Z,Twitter for iPhone,1356485370527903747,@SenLummis @APompliano @PompPodcast Thanks for the work you are doing to educate our elected officials on #bitcoin. I‚Äôd love to get @PlaySHAmory games in their hands to help that process.,130384095,a592bd6ceb1319f7,0,0,0,0,,,United States,"San Diego, CA",After
16,2021-02-02T16:27:56.000Z,Twitter for iPhone,1356640506264965122,@jack The bitcoin boost in @cashapp is genius üòÉ‚ö°Ô∏è,984404393096232960,a592bd6ceb1319f7,0,0,0,0,,,United States,"San Diego, CA",After
17,2021-02-01T06:40:51.000Z,Twitter for iPhone,1356130372468178944,‚ÄúI‚Äôm late to the party but I‚Äôm a supporter of #bitcoin‚Äù -@elonmusk,1175164547746844672,ea049ae1073a8f35,0,0,11,0,,,United States,"Orinda, CA",After
18,2021-02-01T18:43:54.000Z,Twitter for iPhone,1356312335879712769,.@NYGovCuomo Your SOS address promised to deliver a carbon-free #climate future. Greenidge‚Äôs fracked-gas Bitcoin power plant expansion flies in the face of your initiative. Deny &amp; revoke all permits for Greenidge on Seneca Lake. Call Cuomo @ 877-235-6537 https://t.co/dix9UgpcTd,29482431,94965b2c45386f87,1,0,4,0,,,United States,"New York, USA",After
19,2021-02-01T01:59:48.000Z,Twitter for iPhone,1356059647082442754,"@Amy_Siskind I wonder if they are charging $20,000/hr instead of Giuliani‚Äôs $20,000/day) I hope they got cash up front. No Bitcoin.",518816834,94965b2c45386f87,0,0,1,0,,,United States,"New York, USA",After
20,2021-02-01T02:43:25.000Z,Twitter for iPhone,1356070621264769026,@bud_caddell @qhardy But not Bitcoin?,397689316,9dafd05b1158873b,0,0,15,0,,,United States,"Hawaii, USA",After
21,2021-02-01T13:51:44.000Z,Twitter for iPhone,1356238808250019841,Crypto News: XRP Pump Good BUY? Apollo Builds Amazon and Ebay! Bitcoin P... https://t.co/fyjZxWPGGu via @YouTube,948033970842886144,005e3661711a29a9,2,0,8,0,,,United States,"Boynton Beach, FL",After
22,2021-02-01T07:32:23.000Z,Twitter for iPhone,1356143344406114305,"Here‚Äôs how to buy #bitcoin #btc #stocks using @CashApp #cashapp

$iamraulorta https://t.co/7oxESbysYR",301238666,3df4f427b5a60fea,2,1,2,1,,,United States,"San Antonio, TX",After
23,2021-02-01T02:10:36.000Z,Twitter for iPhone,1356062362332241922,"See how easy it is to #buy #bitcoin in under 1 ‚òùÔ∏è minute using @CashApp #cashapp 

$iamraulorta 
Music: This world is yours https://t.co/7gACPqQo3A",301238666,3df4f427b5a60fea,0,1,0,1,,,United States,"San Antonio, TX",After
24,2021-02-01T15:10:59.000Z,Twitter for iPhone,1356258751406174214,Hold up. @ElonMusk cashed out HOw Much..? He pumped doge coin and Bitcoin and then cashed out HOW MUCH?! üòÇüò≠ #DogeCoin idiots just flooded how much into his pocket...? ü§¶üèæ‚Äç‚ôÇÔ∏èüòÇ You can‚Äôt lie when it comes to crypto... lol üò≠üò≠ü§£I don‚Äôt want to say ‚ÄúI TOLD YOU SO‚Äù butt I TOLD YOU! https://t.co/tWluA4VxCb,46049904,3b77caf94bfc81fe,0,0,11,0,,,United States,"Los Angeles, CA",After
25,2021-02-01T12:58:36.000Z,Twitter for iPhone,1356225439581171712,"God: ‚ÄúDeceivedüá∫üá∏have no reference point for ‚ÄòA Promised Land‚Äô other than BLM. Therefore, I‚Äôve created @POTUS45 Donald Trump. In order to get the nation‚Äôs attention, I‚Äôll honor their @AmericanIdol worship by removing it. Invest in #TrumpHowardRevelation017 not #dogecoin #Bitcoin ‚Äú https://t.co/vJfVE7kdJG",20577717,3b77caf94bfc81fe,1,0,2,1,,,United States,"Los Angeles, CA",After
26,2021-02-01T12:13:41.000Z,Twitter for iPhone,1356214133113253889,There‚Äôs a chance you could lose all your money investing in #Bitcoin¬†. But keep it in fiat and you‚Äôll lose it all for certain. #dogecoin #Ethereum #silvershortsqueeze #silver #gold #wallstreetbets @GameStop @AMCTheatres @NYSE #preciousmetalsMI017 #stockmarketcasinodeception 66677 https://t.co/GsggS4yF25,20577717,3b77caf94bfc81fe,1,0,2,0,,,United States,"Los Angeles, CA",After
27,2021-02-01T06:52:57.000Z,Twitter for iPhone,1356133417671254019,#Bitcoin at 10:00 PM PST to 10:40 PM PST? I wonder why? @elonmusk https://t.co/rF8IShEiE8,20895889,3b77caf94bfc81fe,0,0,2,0,,,United States,"Los Angeles, CA",After
28,2021-02-01T06:41:40.000Z,Twitter for iPhone,1356130578949521412,@elonmusk mentions #Bitcoin on CH and look at the price üìà https://t.co/AdAufb58Yc,178883183,3b77caf94bfc81fe,0,0,0,0,,,United States,"Los Angeles, CA",After
29,2021-02-01T08:53:52.000Z,Twitter for Android,1356163847275483138,"Elon Musk Now Supports Bitcoin, Saying It 'Is a Good Thing' (via @decryptmedia) https://t.co/rg7uY19YF1",414594947,3b77caf94bfc81fe,0,0,0,0,,,United States,"Los Angeles, CA",After
30,2021-02-02T20:37:56.000Z,Twitter for iPhone,1356703418744664067,@elonmusk Bitcoin,1338718875391643648,3b77caf94bfc81fe,0,0,0,0,,,United States,"Los Angeles, CA",After
31,2021-02-02T02:56:20.000Z,Twitter for iPhone,1356436260953366529,"@AaronParnas @MeidasTouch @GOP The so-called ‚Äú@GOP‚Äù had no problem blowing a hole in the deficit to pass tax cuts under the TCJA as recently as 2017 ‚Äî a time when no relief was necessary. Now that numerous Americans are broke due to the #pandemic, it‚Äôs not the time to start getting cheap.
Also: buy #bitcoin ü§ë",1220729068858961920,300bcc6e23a88361,3,0,4,0,,,United States,"Seattle, WA",After
32,2021-02-01T14:43:24.000Z,Twitter for iPhone,1356251813515730946,"@scottlincicome @WSJ No it was the wall street elites conspiring to screw the little guy , Inequality something something, bitcoin, https://t.co/fnhDTQcmKO",1199246273649315846,300bcc6e23a88361,0,1,1,0,,,United States,"Seattle, WA",After
33,2021-02-01T17:22:17.000Z,Twitter for iPhone,1356291794112155648,"Broke, they are broke

@RobinhoodApp do you have the #Bitcoin displayed on users screens? https://t.co/RRnxhgdH9f",67109577,20ba6fb3b1ee82da,0,1,4,0,,,United States,"Orange, CA",After
34,2021-02-01T21:31:41.000Z,Twitter for iPhone,1356354561032638464,@ililic @evabeylin Honestly comical that he equates the trauma that apparently only young men experience from losing money on Bitcoin to Instagram induced depression on young girls,543974083,c47c0bc571bf5427,0,1,4,0,,,United States,"Honolulu, HI",After
35,2021-02-01T01:49:18.000Z,Twitter for iPhone,1356057003861266432,"@JimJones1913 @fold_app I‚Äôve been killing it with the card. If you count the appreciate in bitcoin, I‚Äôve earned ~11% on what I‚Äôve spent.",961035048626647041,b0b79caecef59fb5,0,1,6,0,,,United States,"Burbank, CA",After
36,2021-02-01T02:12:40.000Z,Twitter for iPhone,1356062884623577090,"@RepThomasMassie The worst crime is the use of the printing press. Silently devaluing the savings of hard-working Americans to hand out dollars to other countries.

#Bitcoin fixes this!",961035048626647041,b0b79caecef59fb5,0,0,4,0,,,United States,"Burbank, CA",After
37,2021-02-01T02:06:11.000Z,Twitter for iPhone,1356061250904440834,"@mcuban We can see the same assets priced in bitcoin and they don‚Äôt look nearly as attractive. My generation is going to have the ability to sit on their bitcoin until they find an attractive investment that‚Äôs really worth it, rather than being pushed into it just to avoid inflation.",961035048626647041,b0b79caecef59fb5,0,1,2,0,,,United States,"Burbank, CA",After
38,2021-02-01T05:23:36.000Z,Twitter for Android,1356110933387603970,@davidgokhshtein are we witnessing the pioneering crossover of $crypto to main stream lipsnof babes finally??? Due to the $GME exposure?? $doge $btc $ltc $eth,181629142,7f7d58e5229c6b6c,0,1,12,0,,,United States,"Tennessee, USA",After
39,2021-02-02T23:24:48.000Z,Twitter for iPhone,1356745412577755138,When is @APompliano going to start a $BTC Clubhouse room.,103721452,7f7d58e5229c6b6c,0,0,1,0,,,United States,"Tennessee, USA",After
40,2021-02-02T23:38:22.000Z,Twitter for iPhone,1356748830226661377,@WSBChairman All of the gripes Wall Street Bets has raised are legitimate. They are late to the party however as #Bitcoin (and DeFi to some extent) has been taking steps to decentralize the financial system for some time. Just opt in and buy #bitcoin. #GME does not fix this.,235667781,01a9a39529b27f36,0,0,2,0,,,United States,"Manhattan, NY",After
41,2021-02-01T01:12:17.000Z,Twitter for Android,1356047685489455113,"@chamath But just writing Bitcoin or talking about it won't help. If the alternate strategies have to work especially when there are hedge funds shorting bitcoin, there has to be a mass movement for what one truly believes in, for a lasting change. @elonmusk @jack.",100778554,01a9a39529b27f36,0,0,0,0,,,United States,"Manhattan, NY",After
42,2021-02-02T18:26:54.000Z,Twitter for iPhone,1356670445647400961,"‚ÄúBitcoin Basics For Baby Boomers‚Äù with @crypto_llc, @imfbrandon, @ImSoFIRST, BlackRegal, @bigmarh, @jaygould, retti, @RobertsNajah, Shalair, Josh Kimbrow, @coryklippsten, and Black Bitcoin Billionaires. Today, Feb 2 at 9:30 AM PST on @joinclubhouse! https://t.co/uCYmaConRj",425329730,905627646db90fef,0,0,2,0,,,United States,"Rancho Palos Verdes, CA",After
43,2021-02-02T05:02:22.000Z,Twitter for iPhone,1356467975956688896,@finrekt LOL can you imagine 400+ Billion MarketCap for link with in a year ? It took 10 years for #Bitcoin  .  Be a realistic bro üòé.,1000617635191644160,1d9a5370a355ab0c,0,0,2,0,,,United States,"Chicago, IL",After
44,2021-02-01T05:28:31.000Z,Twitter for iPhone,1356112172720533506,@elonmusk $BTC $DOGE $XRP $LTC clubhouse invites for sale dm if interested,352132511,1d9a5370a355ab0c,0,0,0,0,,,United States,"Chicago, IL",After
45,2021-02-01T23:43:49.000Z,Twitter for iPhone,1356387812434616320,@davidgokhshtein It moves with #bitcoin¬† now #dogearmy is smart &amp; strong it will rise b4 crashing,157418240,5c2b5e46ab891f07,1,0,12,0,,,United States,"Las Vegas, NV",After
46,2021-02-02T02:48:02.000Z,Twitter for iPhone,1356434172923969536,@POTUS Buy $DOGE AND WE WILL BE CELEBRATING ü•≥ #dogearmy #dogetothemoon #Bitcoin https://t.co/T9NHmNteQf,157418240,5c2b5e46ab891f07,2,0,5,1,,,United States,"Las Vegas, NV",After
47,2021-02-01T18:11:43.000Z,Twitter for iPhone,1356304236536094720,"@StephanieAlys Yes! I allocate a percentage of my paycheck to my 401k that I don‚Äôt even see. I have $500 a month towards Bitcoin and a variable amount towards my ‚Äòmiddle‚Äô. I‚Äôm reevaluating what I want to do and will automate it when I decide. I am patient, a bigger cash store is never bad",19096158,006a69011e2bfd34,0,0,1,0,,,United States,"Northville, MI",After
48,2021-02-02T22:18:56.000Z,Twitter for Mac,1356728837342588928,@fitcoinbit @struthmedia Spoiler alert: I don‚Äôt care about what another billionaire has to say about bitcoin,7213362,99e789320196ef6a,0,1,3,0,,,United States,"Emeryville, CA",After
49,2021-02-02T21:58:43.000Z,Twitter for Mac,1356723749135912961,"@struthmedia @rupertcheek That has nothing to do with my original argument. We‚Äôre not talking about whether investing in Bitcoin a few years ago would‚Äôve yielded in profit (which, lol, hindsight 2020).",7213362,99e789320196ef6a,1,1,1,0,,,United States,"Emeryville, CA",After
50,2021-02-02T22:00:07.000Z,Twitter for Mac,1356724103978180619,"@rupertcheek @struthmedia Exactly.
If someone wants to take their paycheck and invest it in Bitcoin, that should be up to them, but your employer forcing that on you is just absolutely ridiculous.",7213362,99e789320196ef6a,0,0,1,0,,,United States,"Emeryville, CA",After
51,2021-02-02T20:24:53.000Z,Twitter for Android,1356700134575202305,Building a house of @Bitcoin 's seem like a better 401k or saving account at this time in the world. #Bitcoin,30757216,99e789320196ef6a,0,0,0,0,,,United States,"Emeryville, CA",After
52,2021-02-01T13:40:10.000Z,Twitter for iPhone,1356235898975899650,@AmenaAAA @JermaineJupiter A Queen! It took me 18 months to fully understand and by the time I did I had. A whole bitcoin.,27275016,00ab941b685334e3,0,1,3,0,,,United States,"Nashville, TN",After
53,2021-02-01T06:51:21.000Z,Twitter for iPhone,1356133016280702976,@princessxap Bitcoin is still early by 2030 you can retire and chill,27275016,00ab941b685334e3,0,0,2,0,,,United States,"Nashville, TN",After
54,2021-02-01T06:04:44.000Z,Tweetlogix,1356121284665614337,"@drboycewatkins1 do you have faith in Bitcoin, Doc?",27275016,00ab941b685334e3,0,0,1,0,Point,"[-86.787759, 36.161677]",United States,"Nashville, TN",After
55,2021-02-02T20:20:06.000Z,Twitter for iPhone,1356698934647771138,@BTC_Archive What about bitcoin minor F2Pool selling up to 14k bitcoin a day?? Thinking that has more impact than this one sell off,462430701,01241e9666cacdd2,0,1,5,0,,,United States,"Eugene, OR",After
56,2021-02-02T20:47:58.000Z,Twitter for iPhone,1356705945582137346,"@TheSadHokage It‚Äôs all sus, buy Bitcoin. Bitcoin never shuts down because of scammy apps like Blobinglood",2904786616,140800566259f12f,0,1,2,0,,,United States,"Sparks, NV",After
57,2021-02-02T11:42:10.000Z,Twitter for iPhone,1356568590590369792,"@nerlanr @KishlaySays @rajorpratyush That‚Äôs nice, will be more like mini book on a topic from an expert will try Musk‚Äôs view on Bitcoin üòâ",130238005,512a8a4a4c4b4be0,0,0,3,0,,,United States,"Charlotte, NC",After
58,2021-02-01T05:47:42.000Z,Twitter for iPhone,1356116999995183104,Who need a clubhouse invite for @elonmusk tonight? I got y‚Äôall. $doge $btc,203388441,e868cf904e518ff4,0,6,3,1,,,United States,"Palmdale, CA",After
59,2021-02-01T05:18:14.000Z,Twitter for iPhone,1356109583924699138,@iensuiensu @miakhalifa So what you‚Äôre saying is people jump in to Doge just to make a quick profit to only turn around and buy more bitcoin?,1400300264,3b0eea538598dc42,0,2,3,0,,,United States,"Novato, CA",After
60,2021-02-01T02:57:17.000Z,Twitter for iPad,1356074110451920898,"@WSBChairman Take some profits, buy bitcoin",129675254,000fc3e67b627897,0,0,2,0,,,United States,"Beloit, WI",After
61,2021-02-02T01:50:41.000Z,Twitter for Android,1356419739158016002,"@ndrew_lawrence ""The biggest loss of capital here will be the human capital, the young men who are staring at their phone watching the price of Bitcoin and the price of AMC."" - @profgalloway üôÑ https://t.co/UBvp8aPfxz",16800759,1c69a67ad480e1b1,1,0,2,0,,,United States,"Houston, TX",After
62,2021-02-01T16:24:59.000Z,Twitter for iPhone,1356277377534488581,"@BarstoolBigCat Sounds a lot like he‚Äôs advocating for Americans to break quarantine and spread Covid.

I for one won‚Äôt stand for it. I will stare at my screen and HODL because it will save lives. 

#Bitcoin",1234228602474049539,1c69a67ad480e1b1,0,0,0,0,,,United States,"Houston, TX",After
63,2021-02-01T06:43:27.000Z,Twitter for iPhone,1356131029249970176,"@rwang0 @Bitcoin @elonmusk @joinClubhouse Some are losing interest... Check out these rooms that are popping up. 

The moderators could use a little help üòâ https://t.co/Jmz9VMDKRl",1102943593784926208,67b98f17fdcf20be,1,0,1,0,,,United States,"Boston, MA",After
64,2021-02-02T17:06:44.000Z,Twitter for iPhone,1356650268495122432,@stoolpresidente Remember what happened when he cashed out of $btc üöÄüöÄüöÄ,262990542,dd9c503d6c35364b,0,1,6,0,,,United States,"Pennsylvania, USA",After
65,2021-02-02T19:00:55.000Z,Twitter for Android,1356679004896579584,"That's crazy @CashApp 

$419football I'll take $BTC as an apology https://t.co/m2YnrBUmjY",29393635,7068dd9474ab6973,1,0,2,0,,,United States,"Toledo, OH",After
66,2021-02-01T14:34:27.000Z,Twitter for iPhone,1356249559987605506,Is Bitcoin on the verge of wider acceptance? Elon Musk thinks so. #Bitcoin #ElonMusk. #currency  https://t.co/gVsY22zYzS via @YahooFinance,43993601,012a07a105d10298,0,0,1,0,,,United States,"Mansfield, TX",After
67,2021-02-01T21:47:47.000Z,Twitter for iPhone,1356358612185178113,"@trylolli I‚Äôm buying $SNDL $NKD $F , $RIOT for Bitcoin, the ev companies $RIDE, $FSR, $NIO, TESLA and hold!",922075320,288de3df481163e8,1,0,2,0,,,United States,"Alabama, USA",After
68,2021-02-02T12:33:58.000Z,Twitter for iPhone,1356581625270849538,@seangilll23 Don‚Äôt matter as long as people continue to buy and hold and others will sell it‚Äôll continue to grow slowly now it prolly won‚Äôt be anywhere near as big as Bitcoin,483442346,288de3df481163e8,0,0,0,0,,,United States,"Alabama, USA",After
69,2021-02-01T21:53:06.000Z,Twitter for iPhone,1356359948087779328,@trylolli Don‚Äôt take me wrong a have a few wallets with the majority in Bitcoin,922075320,288de3df481163e8,0,0,1,0,,,United States,"Alabama, USA",After
70,2021-02-02T12:24:37.000Z,Twitter for iPhone,1356579272098533378,@seangilll23 It most definitely will might not be today or next week next month but this coin literally has never stopped rising since it was created it‚Äôs constantly rising people said the same shit ab Bitcoin ü§∑üèª‚Äç‚ôÇÔ∏è,483442346,288de3df481163e8,0,1,0,0,,,United States,"Alabama, USA",After
71,2021-02-01T11:08:40.000Z,Twitter for iPhone,1356197771372589057,@_CharlesWeller_ @_AyeYoSheeda Let me guess Dogecoin is the next Bitcoin? Lmao,2685398505,94542c3c348faf28,0,1,1,0,,,United States,"Edison, NJ",After
72,2021-02-01T20:06:43.000Z,Tweetbot for iŒüS,1356333175929151488,"The starter pack of #bitcoin people to follow to gain more knowledge and info: 

@APompliano @tyler @cameron @100trillionUSD  @GoingParabolic @danheld @michael_saylor",605976539,0116e3dc4e449b12,0,1,3,0,,,United States,"North Liberty, IA",After
73,2021-02-01T20:07:13.000Z,Tweetbot for iŒüS,1356333300734783488,Read the book ‚ÄúThe Bitcoin Standard‚Äù by @saifedean and ‚ÄúBitcoin: Hard Money You Can‚Äôt F*ck With‚Äù by @GoingParabolic to learn about BTC.,605976539,0116e3dc4e449b12,0,0,0,0,,,United States,"North Liberty, IA",After
74,2021-02-01T06:48:31.000Z,Twitter for iPhone,1356132302561001478,Elon loving #bitcoin¬†on #clubhouse right now. ‚ÄúIt‚Äôs on the verge of broad acceptance.‚Äù @elonmusk,212601092,526d2258fff0f7ad,0,0,1,0,,,United States,"Healdsburg, CA",After
75,2021-02-01T17:11:16.000Z,Twitter for iPhone,1356289022717382657,"If you weren‚Äôt in Elon‚Äôs clubhouse chat last night, listen to the audio or look it up. Game changing material. 
#bitcoin #mars #AI #Vlad @elonmusk @joinClubhouse",212601092,526d2258fff0f7ad,0,0,0,0,,,United States,"Healdsburg, CA",After
76,2021-02-01T22:21:04.000Z,Instagram,1356366985999900675,"My results of today are not my results of tomorrow üëÄ

üôèüíé

üì∑ @_robertmagana 

#losangeles #dogecoin #entrepreneur #bitcoin #mensfashion #stocks #gamestop #moneymindset @ Third Street Promenade https://t.co/uFxQxFxj5h",799118634,59612bd882018c51,0,0,1,0,Point,"[-118.4961, 34.0156]",United States,"Santa Monica, CA",After
77,2021-02-02T04:48:57.000Z,Twitter for Android,1356464602310184962,"At minute 40-43 @elonmusk
Talks about #Bitcoin and #dogecoin.  Let me know what you guys think. 

https://t.co/kLzUmcugd3",615655231,001a98402fa5cfbf,0,0,2,0,,,United States,"Archer Lodge, NC",After
78,2021-02-02T02:37:26.000Z,Twitter for Android,1356431502012280832,@chickfilaice If you made profits that means you put money into it as well. I've had #doge since it was a half a penny.  Now it's holding steady over 3 cent.  It's all profit for me. You sound just like people sounded 10 years ago with bitcoin. To each own though bruh. #DogecoinToTheMoon,615655231,001a98402fa5cfbf,0,0,0,1,,,United States,"Archer Lodge, NC",After
79,2021-02-02T05:10:47.000Z,Twitter for iPhone,1356470096210710529,My better half stays game tight.. @GoingParabolic thanks for the #bitcoin knowledge.. https://t.co/NOgPYE2ZXH,2987828892,d374fb61a20fb74f,0,0,3,0,,,United States,"Nevada, USA",After
80,2021-02-01T23:35:18.000Z,Tweetbot for iŒüS,1356385667564011521,@sara_aniano Interesting how the ‚Äúgold standard‚Äù conspiracy theorists who (claim to) want a physical reserve of currency also significantly intersect with crypto-libertarians who want intangible Bitcoins to replace money because ‚Äúfiat‚Äù just means ‚Äúbacked by the violence of the State‚Äù.,6508612,2b6ff8c22edd9576,0,1,1,0,,,United States,"SoMa, San Francisco",After
81,2021-02-01T17:05:09.000Z,Twitter for iPhone,1356287484829839366,@SCotoia Bitcoin?,468744131,0003df7b402165e0,1,0,1,0,,,United States,"Wesley Chapel, FL",After
82,2021-02-01T19:52:26.000Z,Twitter for iPhone,1356329584350924807,"I live stream &amp; mentioned yesterday that $band was due for a good pump!! @BandProtocol üöÄüöÄ
 #cryptocurrency 
#ALTSEASON 
#Bitcoin",1315389660252733440,01fbe706f872cb32,0,0,2,0,,,United States,"Washington, DC",After
83,2021-02-01T13:46:13.000Z,Twitter for Android,1356237419473989636,@artkincell I'm swapping all these short stocks in a few weeks or so for Bitcoin. Never too late to buy Bitcoin!,885291636,01fbe706f872cb32,0,1,1,0,,,United States,"Washington, DC",After
84,2021-02-02T18:17:51.000Z,Twitter for iPhone,1356668168832507909,@buildingbrass That‚Äôs why I said &amp; 9 years later we have #Bitcoin the global currency was created for all to prosper!!,3025158466,01966db443c4c238,0,1,1,0,,,United States,"Ocala, FL",After
85,2021-02-01T22:20:23.000Z,Twitter for iPhone,1356366816428363778,@CNBC Before you put Bitcoin into a stonk category at least do your research!! #REALLYüòè,3025158466,01966db443c4c238,0,0,1,0,,,United States,"Ocala, FL",After
86,2021-02-01T06:43:52.000Z,Twitter for iPhone,1356131133713485828,@elonmusk riding #bitcoin Rocket üöÄ https://t.co/6FBXCV4ciC https://t.co/opwNGsXNsk,547894545,c3f37afa9efcf94b,0,0,1,0,,,United States,"Austin, TX",After
87,2021-02-01T22:29:47.000Z,Twitter for iPhone,1356369180463755264,"@jclcapital f2pool outflow abnormal amount of  BTCs in 30-35k range, total of about 1.4 billion dollars of bitcoins in the end of Jan. Could this be related to the short position of hedge funds on the future market? https://t.co/W0fKy1h2sc",2200248483,c3f37afa9efcf94b,0,0,0,0,,,United States,"Austin, TX",After
88,2021-02-01T19:20:35.000Z,Twitter for iPhone,1356321566305480704,"@KonniBurton Just buy #SLV #AMC, #Bitcoin &amp; #GME. Let‚Äôs push up the price some more and hold it.

#HODL @WSBChairman #wallstreetbets https://t.co/gRSBRxP4pJ",473709363,632eeebc87aecd57,0,0,2,0,,,United States,"Galveston, TX",After
89,2021-02-02T11:46:29.000Z,Twitter for iPhone,1356569675455463424,"So tired of the Establishment hacks @CNBC repeating the same old Keynesian Globalist hack digs at #Bitcoin &amp; #cryptocurrency in general. We get it, you hate anything not centralized &amp; Government-Christened. 

https://t.co/olKNBi3Ma8",473709363,632eeebc87aecd57,0,0,0,0,,,United States,"Galveston, TX",After
90,2021-02-01T07:25:53.000Z,Twitter for iPhone,1356141708421943296,"ü§Øü§Øü§Øü§Øü§Ø

@elonmusk @ParisHilton @joinClubhouse discussing Mars, Bitcoin and @TheExpanseWR @ExpanseOnPrime https://t.co/ZHC7AXQTrY",14066213,0a0de7bd49ef942d,0,0,1,0,,,United States,"Scottsdale, AZ",After
91,2021-02-01T03:18:11.000Z,Twitter for iPhone,1356079371946090505,"@DavidJNage So what you‚Äôre saying is buy more Bitcoin before 10pm PST 

Aye aye captain",14066213,0a0de7bd49ef942d,0,0,1,0,,,United States,"Scottsdale, AZ",After
92,2021-02-02T16:13:04.000Z,Twitter for iPhone,1356636764040007681,"I just want to show everyone something...

REALLY think and look at this.

I‚Äôve been talking to people about this for yearsss....

But people are still üò¥üí§ing on this. @MarcOnpurpose #AAVE #cryptocurrency #Crypto #cryptos #Bitcoin https://t.co/fMF5N8nIXU",703706467359178752,7368582cae669097,0,1,1,0,,,United States,"Crestline, OH",After
93,2021-02-01T04:52:32.000Z,Twitter for Android,1356103114215067649,"@COSMermaid do you genetically engineer your chickens for adaptability to sea life? 

#chickenofthesea #tuna #askanymermaid #Food #Bitcoin #GameStop #swimming #Myanmar #OneYearOfMissAmericana #WendyWilliamsMovie #Mermaid",4408625121,b46619b2722d9703,0,0,1,0,,,United States,"Union City, NJ",After
94,2021-02-02T22:39:02.000Z,Twitter for iPhone,1356733897925623810,"@LawrenceLepard It‚Äôs refreshing to hear someone who ‚Äúgets‚Äù all forms of sound money (gold, silver, Bitcoin) versus those who cling to one form as the only way. Thanks Larry. Great insights. I own all of the above.",2429359692,fbd1502e5edce6bf,1,0,2,0,,,United States,"Cape Coral, FL",After
95,2021-02-02T21:44:25.000Z,Twitter for iPad,1356720150116921345,"@sportsandra @680TheFan @BFinn86 @JohnMichaelsU @JohnRad450 @Sean_Nerny Sell Bitcoin, Buy playoff or bust UGA, Sell Checkerboard Vans, sell Designer Sweatpants, sell Foo Fighters, sell LeBron, sell Sandra, sell Rolling Stones, buy Groundhog lineup, sell curse, sell pet ?, sell allegiance, sell parkingü§ô",164955282,00430f8519d62c37,0,1,1,0,,,United States,"Hilo, HI",After
96,2021-02-01T04:15:27.000Z,Tweetbot for Mac,1356093783008370696,@mattetti You‚Äôre comparing it to bitcoin so can you really be wrong with any fraction? üòú,670283,169a765ce3826f49,0,0,1,0,,,United States,"Atlantic, Seattle",After
97,2021-02-02T19:03:09.000Z,Twitter for iPhone,1356679569852391424,@sarah_teich @MorningBrew @MorningBrew branded Bitcoin ... would definitely up the number of referrals.,30873,fbd6d2f5a4e4a15e,0,0,1,0,,,United States,"California, USA",After
98,2021-02-01T08:27:43.000Z,Twitter for iPhone,1356157265774960640,"@elonmusk on @joinClubhouse  - ‚Äúmy friend fed me a slice of Bitcoin cake in 2013...I do make jokes about @Bitcoin - it‚Äôs meant to be a joke.. the most entertaining outcome, the most ironic outcome is that dogecoin becomes the currency of the future‚Äù",837518352,fbd6d2f5a4e4a15e,0,0,0,0,,,United States,"California, USA",After
99,2021-02-01T06:35:49.000Z,Twitter for Android,1356129108942458880,@whiveIO so is that claiming for Bitcoin addresses live? Particularly the instructions for multisig,16527096,fbd6d2f5a4e4a15e,0,0,0,0,,,United States,"California, USA",After
100,2021-02-02T16:07:56.000Z,Twitter for iPhone,1356635473490313216,@investorr1989 Is this the same Cramer they couldn‚Äôt even spell bitcoin last month,24877255,fbd6d2f5a4e4a15e,0,0,0,0,,,United States,"California, USA",After
101,2021-02-01T02:18:57.000Z,Twitter for iPhone,1356064464588558336,@stephiekinz01 @MrBeastYT Doesn‚Äôt hurt to open up an account and start off small. I‚Äôm even talking like $50. You can invest into small stocks and get a feel for the market without putting all your money into it. Same for bitcoin,783628115050389504,fbd6d2f5a4e4a15e,0,0,0,0,,,United States,"California, USA",After
102,2021-02-02T01:48:39.000Z,Twitter for Android,1356419228350492672,@ShodanKid Let's not forget there is a currency war happening right now and there talks about new world currency. So some countries a packing up with gold and Bitcoin. If you know what I mean.,408233448,5d231ed8656fcf5a,0,1,2,0,,,United States,"St Petersburg, FL",After
103,2021-02-01T22:56:53.000Z,Twitter for Android,1356376001069133825,@Alts_Anonymous @f2pool_official Because they want more money and pile more more @Bitcoin,408233448,5d231ed8656fcf5a,0,1,1,0,,,United States,"St Petersburg, FL",After
104,2021-02-01T23:10:49.000Z,Twitter for Android,1356379508354527239,"@satofishi @Bitcoin @PatriceinMilano @Bitboy_Crypto @crypto_birb
@orangepillpod
Wow! The sad situation of the human who lost it's humanity. https://t.co/57kmGL9Orb",408233448,5d231ed8656fcf5a,0,0,0,0,,,United States,"St Petersburg, FL",After
105,2021-02-01T23:54:18.000Z,Twitter for Android,1356390449502507009,"@elonmusk It'd look better with a #bitcoin logo on the roof, for the satellites, you know.",7227412,000e96b4e9f8503f,0,0,0,0,,,United States,"Alameda, CA",After
106,2021-02-01T15:21:30.000Z,Twitter for iPhone,1356261398414827523,@reddittrading Get these going! #HOLD #buymore  $AMC $NOK $GME $NAKD $SNDL $CTRM $SILV $BTC #Bitcoin,42538177,1c67f9d9cbae7f69,2,0,3,0,,,United States,"Des Moines, IA",After
107,2021-02-02T16:19:04.000Z,Tweetbot for iŒüS,1356638275683946502,@danheld I buy more bitcoin..,605976539,1c70a89b85693461,0,0,1,0,,,United States,"Coralville, IA",After
108,2021-02-01T20:11:59.000Z,Twitter for iPhone,1356334502046433280,@michael_saylor We signed up! ü••üå¥ü§ôüèºüöÄ#BTC https://t.co/0PPJBD4Q7A,1499622104,8fa6d7a33b83ef26,0,0,3,0,,,United States,"Paradise, NV",After
109,2021-02-01T04:42:45.000Z,Twitter for Android,1356100653580341250,@elonmusk So that was $tsla current cash you bought #bitcoin with and now transferred to cold storage Elon ? Thats the big announcement ?,968246422935162881,8fa6d7a33b83ef26,0,0,0,0,,,United States,"Paradise, NV",After
110,2021-02-01T06:42:58.000Z,Twitter for iPhone,1356130904800784385,@elonmusk just mentions $btc on clubhouse and it instantly shoots up üí™üèº,2858975001,01962b3d283cbfc2,0,0,1,0,,,United States,"Park City, UT",After
111,2021-02-01T13:20:51.000Z,Twitter for iPhone,1356231035252592645,@TurnDownFawad Shit I got 30k worth for nothing. It it‚Äôs at Bitcoin lv then I really made a come up üòÇüòÇ,972368551,014f51c9371e663a,0,0,1,0,,,United States,"Oakleaf Plantation, FL",After
112,2021-02-02T11:03:08.000Z,Twitter for iPhone,1356558767375147008,"@Horus1618 @donkeysexshow @MaxineWaters from CA called it Bitcom... like it was from the 2000 dot-com bubble.  It wasn‚Äôt like she said it in 2009 it was in late 2019 or early 2020.   

How can these old AF people be the ones to regulate it if they don‚Äôt even know the name Bitcoin.   Crazy!",952778805562789890,01c689cd0c26beaa,0,0,1,0,,,United States,"Aberdeen, MD",After
113,2021-02-02T00:03:05.000Z,Twitter for iPhone,1356392661914058753,"@potheadnumber12 @Jordan16342328 @LB62814825 @wallstreetbets @dogecoin @Bitcoin I‚Äôm glad you mentioned ETH, you‚Äôre the second person to mention it. I feel like I missed #bitcoin but I still want some crypto. Thank you for the recommendation, I‚Äôll do some DD üòé",1266854558417879040,009d3c3d41dbb00e,0,0,2,0,,,United States,"Enterprise, NV",After
114,2021-02-01T18:54:45.000Z,Twitter for iPhone,1356315064354045952,@Jordan16342328 @LB62814825 @wallstreetbets Still can‚Äôt get an account verified for @dogecoin so I‚Äôm not in on it yet. I‚Äôm a bit worried it‚Äôs a fad and might just buy regular @Bitcoin after the rally. Realistically the #GME hold could last a while.,1266854558417879040,009d3c3d41dbb00e,0,1,0,0,,,United States,"Enterprise, NV",After
115,2021-02-01T12:11:50.000Z,Twitter for iPhone,1356213670460747781,"Q: when @elonmusk and @WSBChairman endorse #bitcoin #BitcoinSqueeze is there a systematic lag (delay)? New acct at @coinbase require 3-5 days for ACH transfer.  @PayPal ?

Said differently,is there a market inefficiency whereby spot retail demand will be seen a few days forward?",21815918,4de072969805ac41,0,0,0,0,,,United States,"West Palm Beach, FL",After
116,2021-02-02T02:33:15.000Z,Twitter for iPhone,1356430452031160323,"https://t.co/HhhjXeceJn

Very informative video about paying capital gains tax on crypto with @michael_saylor #Bitcoin",403330640,005151f517b0d4f1,0,0,0,0,,,United States,"Lakeland Heights, TX",After
117,2021-02-02T04:57:44.000Z,Twitter for Android,1356466810753716224,"Is it just me or @CNBC Financial ""experts"" hosts dont know what the hell they are talking about. 
#Bitcoin #Crypto",145160674,741e9df4d2522275,0,0,0,0,,,United States,"Beverly Hills, CA",After
118,2021-02-01T11:47:19.000Z,Twitter for iPhone,1356207497120526337,"""I do think Bitcoin is a good thing. I'm a supporter of Bitcoin. I think Bitcoin is on the verge of getting broad acceptance by conventional finance.""
‚Äì@ElonMusk on Clubhouse #Bitcoin",32734993,161d2f18e3a0445a,0,0,0,0,,,United States,"Raleigh, NC",After
119,2021-02-01T11:42:35.000Z,Twitter for iPhone,1356206308408635395,"@ElonMusk on Clubhouse talking about #Bitcoin¬† 

""I should have at least... bought Bitcoin eight years ago. I was a little slow on the uptake, there. My apologies."" ""I was late to the party, but I'm a supporter of bitcoin.""",32734993,161d2f18e3a0445a,0,0,0,0,,,United States,"Raleigh, NC",After
120,2021-02-01T06:39:33.000Z,Twitter for iPhone,1356130045463588866,@ELONMUSK IS TALKING ABOUT BITCOIN!! üöÄüöÄüöÄ,32734993,161d2f18e3a0445a,0,0,0,0,,,United States,"Raleigh, NC",After
121,2021-02-02T01:59:57.000Z,Twitter for Android,1356422070872195072,with the Godfather @michaelterpin Hes building the crypto ecosystem in Puerto Rico. He also hosts Coinagenda every year in üáµüá∑ which is the biggest crypto event on the island #bitcoin #coinagenda #laplacita https://t.co/VgBl5L9JsJ,65772589,b05d4c245fad947e,0,0,1,0,,,United States,"Pueblo Viejo, Puerto Rico",After
122,2021-02-02T17:21:18.000Z,Twitter for iPhone,1356653937944891392,"@scottmelker Would love to see #Bitcoin break up. 
Thoughts on $DXY and possible squeeze play and impact on $BTC?",250211383,119a13e394cab98e,0,1,0,0,,,United States,"Lake Mary, FL",After
123,2021-02-01T16:26:09.000Z,Twitter for Android,1356277670250627076,"Oh goodie. Elon's idiotic sycophants can help me a little. Everyone's good for something, I suppose. üëç 

CNBC: Elon Musk says he‚Äôs a supporter of bitcoin and thinks it will get ‚Äòbroad acceptance‚Äô in finance.
https://t.co/oXAzBPmAvl

via @GoogleNews",1331061149417107456,80eb17ffe368fc9a,0,0,0,0,,,United States,"Huntington Beach, CA",After
124,2021-02-01T20:09:57.000Z,Twitter for Android,1356333990018392065,@RoarOfSunshine Cash app is pretty convenient for stocks or bitcoin,1020736419734568960,80eb17ffe368fc9a,1,0,1,0,,,United States,"Huntington Beach, CA",After
125,2021-02-01T19:33:41.000Z,Twitter for Android,1356324861862273026,"@clairlemon Elon Musk is a rich idiot and you likely are better off not listening to him.

Except about Bitcoin ‚Ä¶ buy, suckers, buy!!",1331061149417107456,80eb17ffe368fc9a,0,0,0,0,,,United States,"Huntington Beach, CA",After
126,2021-02-01T02:42:05.000Z,Twitter for iPhone,1356070284688846848,Is @elonmusk gonna give $doge a boost tonight with a plug??? I hope so! #bitcoin #cryptocurrency,48718081,1470167084d62696,1,0,2,0,,,United States,"Kemah, TX",After
127,2021-02-01T02:13:16.000Z,Twitter for Android,1356063035454967809,"@UN @UNEP Thank you very much and Im very happy my big sacrifices with the bitcoins overthrown and big mysteries ways that finds in many good ways and its worthy it! God's blessing us and we deserves that! Amen! From, Mr. Brian Nicholas Buono https://t.co/i3WvJUWNIH",1233614632431939584,0026c52b089aab9c,0,0,0,0,,,United States,"Lincoln, CA",After
128,2021-02-02T04:11:00.000Z,Twitter for Android,1356455049413742593,"@FOXTV Launch Your Own¬†3-In-1¬†Online MegaStore¬†That Sells Physical¬†And Digital Products + Get 1000S OF FREE BUYERS EVERYDAY! üëâ üîóhttps://t.co/33D6fYY5x9

#SEO
#contentmarketing
#RETWEEET #DigitalMarketing #DigitalNigeria #Bitcoin #WorkFromHome #selfemployed #onlinejobsworkfromhome d https://t.co/DqhdR2g79y",219269468,07d9f591db886001,0,0,0,0,,,United States,Cedar Grove UMC,After
129,2021-02-02T04:11:15.000Z,Twitter for Android,1356455111887847424,"@BET @tammyth04380014 Launch Your Own¬†3-In-1¬†Online MegaStore¬†That Sells Physical¬†And Digital Products + Get 1000S OF FREE BUYERS EVERYDAY! üëâ üîóhttps://t.co/33D6fYY5x9

#SEO
#contentmarketing
#RETWEEET #DigitalMarketing #DigitalNigeria #Bitcoin #WorkFromHome #selfemployed #onlinejobsworkfromhome https://t.co/K2FNtMKKLf",219269468,07d9f591db886001,0,0,0,0,,,United States,Cedar Grove UMC,After
130,2021-02-01T20:42:58.000Z,Twitter for iPhone,1356342301325479938,@WSBChairman Is to use #crypto. Saying #Bitcoin limits the post to ppl believing only Bitcoin as opposed to #Doge and other cryptos like #Etherium,196909307,3b98b02fba3f9753,0,0,0,0,,,United States,"North Carolina, USA",After
131,2021-02-02T07:59:44.000Z,Twitter for Android,1356512614981976066,@BitMEXResearch @CryptoHayes Bitcoin #master,1110524792879214592,7d62cffe6f98f349,1,0,0,0,,,United States,"San Jose, CA",After
132,2021-02-02T06:15:16.000Z,Twitter for Android,1356486325625528320,@Mitch_Seattle Start of business day Tuesday.  Unless he lost his password. #BitCoin,22082246,0978ca453ae10730,0,0,0,0,,,United States,"Maple Valley, WA",After
133,2021-02-01T12:44:05.000Z,Twitter for iPhone,1356221785088385027,@MindblowinSax @DanielaCambone Negative on the #Bitcoin -eBay does not accept at the moment.,29591279,4ec01c9dbc693497,0,0,0,0,,,United States,"Florida, USA",After
134,2021-02-02T04:50:19.000Z,Twitter for iPhone,1356464944645103616,@BarstoolBigCat #Bitcoin chill,958038755184730114,4ec01c9dbc693497,0,0,0,0,,,United States,"Florida, USA",After
135,2021-02-01T03:11:36.000Z,Twitter for iPhone,1356077715577835523,Bitcoin: Beyond The Bubble | Bitcoin Documentary | Cryptocurrencies | Cr... https://t.co/yYX57bCxho via @YouTube,1170967567399378945,017bc4d00fe2e584,0,0,0,0,,,United States,"Irwin, PA",After
136,2021-02-01T06:01:57.000Z,Twitter for Android,1356120586284457986,"Any billionaire/company buying up #BTC, none will SHOCK ME like this FIREHOUSE post.  100,000 YEARS for GOD OF THUNDER, @genesimmons to ROCKET RIDE with us.  NOTHIN' TO LOSE, buy $ADA &amp; SHOUT IT OUT LOUD ""DETROIT ROCK CITY on the moon."" FOREVER $LTC, COLD GIN waiting 4us, DEUCES! https://t.co/7qVEpWSlvq",1350331393,bc3a38d3d5999b4b,0,0,0,0,,,United States,"Washington, USA",After
137,2021-02-02T13:27:14.000Z,Twitter for iPhone,1356595032518778883,@opticalartchart @whale_map tweeted this the other day. Seems in opposition to a fractal pattern and more in depth and ‚Äúunderneath the hood‚Äù per say with underlying-data. Kinda like always Dollar up Bitcoin down. Not always the case. Jus sayin https://t.co/GvySv5aQIJ,1185988897135833088,530c7d91d01f97da,0,0,2,0,,,United States,"Satellite Beach, FL",After
138,2021-02-02T23:13:14.000Z,Twitter for iPhone,1356742505375535104,"@HassenMorad @woonomic Which ‚Äúinherent risk‚Äù bogeymen are you trotting out here?

People have been steering people away from bitcoin, the best performing asset since its inception, for oft-stated yet never demonstrated or experienced inherent risks.

Those bogeymen have been expensive to imagine!",13445732,ab2b3353d37b40e6,0,3,14,0,,,United States,"El Dorado Hills, CA",After
139,2021-02-02T23:07:14.000Z,Twitter for iPhone,1356740994373283840,"@toddrew @woonomic Good question to ask for someone who knows very little about Bitcoin.

Lightning Network is the correct answer the question.

In numeric form: internet latency and bandwidth limited therefore essentially unlimited transaction rate.",13445732,ab2b3353d37b40e6,0,1,3,0,,,United States,"El Dorado Hills, CA",After
140,2021-02-02T23:04:29.000Z,Twitter for iPhone,1356740300954169345,"@KBenzle @woonomic Haha.

Nobody who knows their shit agrees with this viewpoint.

Bitcoin is a settlement layer, and Lightning Network is the payment layer you‚Äôre looking for.",13445732,ab2b3353d37b40e6,0,0,3,0,,,United States,"El Dorado Hills, CA",After
141,2021-02-01T03:40:19.000Z,Twitter for Android,1356084940526465024,"Dogecoin trading volume hits $5B, surpassing Bitcoin's for the first time ever https://t.co/pUXHEqauuI via @cointelegraph",226852139,7142eb97ae21e839,0,0,0,0,,,United States,"Georgia, USA",After
142,2021-02-02T23:03:24.000Z,Twitter for Android,1356740028739813376,@Gemini What if no one decided to buy bitcoin for 72 hours?,2822593816,7142eb97ae21e839,0,1,1,0,,,United States,"Georgia, USA",After
143,2021-02-01T14:16:29.000Z,Twitter for iPhone,1356245036686569479,@UpholdInc did that on purpose! I was trying to sell the #Bitcoin I mistakenly transferred to #xrp but fuck it!,1291044621859135488,7142eb97ae21e839,0,1,0,0,,,United States,"Georgia, USA",After
144,2021-02-02T13:23:48.000Z,Twitter for iPhone,1356594166118014976,"@GoingParabolic @michael_saylor My formula for success equals, #Bitcoin , coffee, and cold plunges into Lake Tahoe.",2479366357,07d9edd418082000,0,0,0,0,,,United States,Misfit House Tahoe,After
145,2021-02-02T11:19:43.000Z,Twitter for iPhone,1356562939961106432,"@stoolpresidente @ChrisCuomo When they remove the 1 share owner limit on these platforms and these stocks, they‚Äôre gonna fly to unthinkable territory‚Äôs! GameStop is gonna look like Bitcoin and wall street isn‚Äôt gonna know wtf to do about it! Watch!",1270960362494533639,7948fec74f58e8cd,0,0,0,0,,,United States,"Quincy, MA",After
146,2021-02-02T19:12:02.000Z,Twitter for iPhone,1356681804523180034,"@marcushjohnson Thanks, important when you make speculative plays you only use a small portion of your portfolio to mitigate risk. You will win some and lose some. With $GME I just used my gains from Bitcoin to pay for my stocks.",34016235,00badf236c71ec49,0,0,1,0,,,United States,"Dranesville, VA",After
147,2021-02-01T15:04:56.000Z,Twitter for iPhone,1356257230107013128,.@elonmusk .@Tesla why can‚Äôt I pay for my next Tesla with bitcoin or etherium? When?,16847801,0509a6acb3d27ec4,0,0,0,0,,,United States,"Thousand Oaks, CA",After
148,2021-02-01T23:29:40.000Z,Twitter for iPhone,1356384252347240449,"I‚Äôve known about compounding interest for a while. But, it was never really shown how to actually ‚Äúunlock‚Äù this wonder. People just said things like start/invest. I‚Äôve tried that and waited for interest that never really materialized. Then came @BlockFi and @Gemini üôèüèº #btc",1224529607728066561,1010ecfa7d3a40f8,0,0,0,0,,,United States,"Indiana, USA",After
149,2021-02-01T06:54:58.000Z,Twitter for iPhone,1356133927195344897,@elonmusk talking in clubhouse about the future of humanity and #bitcoin,1258000456829280257,0b93bc6a33455615,0,0,0,0,,,United States,"Buena Park, CA",After
150,2021-02-02T17:13:53.000Z,Twitter for iPhone,1356652068631674889,@cryptocoley when NYC? #bitcoin #crypto &amp; #binance is global https://t.co/SlMb9WtB36,931346117165568000,27485069891a7938,0,0,0,0,,,United States,"New York, NY",After
151,2021-02-02T05:20:01.000Z,Twitter for iPhone,1356472419750457345,Bitcoin 2021 Is Moving To Miami https://t.co/7ErV5ck7gB via @bitcoinmagazine,1347595358558429189,31310f5f8bcb4901,0,0,1,0,,,United States,"Surfside, FL",After
152,2021-02-01T23:52:19.000Z,Twitter for iPhone,1356389949810077698,"@WSBChairman Everyone can‚Äôt afford to buy 1 bitcoin , but they can afford Dogecoin!! Think about it the rise will be far extraordinary on $doge",396336778,cc631a80adacd459,0,0,0,0,,,United States,"Franklin, TN",After
153,2021-02-01T15:08:12.000Z,Twitter for iPhone,1356258053847306244,"@Scaramucci @elonmusk I enjoy your comments on politics and current events, but I‚Äôm tired of your bitcoin posts.  I don‚Äôt need more advertising on my Twitter feed.  Try advertising through your fund‚Äôs account and not your personal one (yes I realize it probably has far less followers).",980193756379955200,5c62ffb0f0f3479d,0,0,0,0,,,United States,"Phoenix, AZ",After
154,2021-02-01T06:43:52.000Z,Twitter for iPhone,1356131132824162306,@ChartGuys @elonmusk @elonmusk just mentioned Bitcoin and Doge coin at 10:40 PST on Clubhouse and a bull move just happened üòú,35994492,5c62ffb0f0f3479d,0,1,1,0,,,United States,"Phoenix, AZ",After
155,2021-02-02T21:36:43.000Z,Twitter for iPhone,1356718215649320961,@BreeOlson Want to go on a #bitcoin vacation?,2479366357,0fc31ef65a54c000,0,0,0,0,,,United States,Lake Tahoe Chalet,After
156,2021-02-01T16:39:27.000Z,Twitter for Android,1356281015166124055,"@SlaterLemley I actually love coinbase, I'm using it for bitcoin and algorand",1244871194643288066,2571b7720cd62ad3,0,0,1,0,,,United States,"Highlands Ranch, CO",After
157,2021-02-02T11:41:29.000Z,Twitter for iPhone,1356568417948602368,@opticalartchart I have to ask. What do you mean Bitcoin is in shock?  This sounds like an emotion. Thanks.,1185988897135833088,e5cecfb170a4cbac,0,0,0,0,,,United States,"South Patrick Shores, FL",After
158,2021-02-02T21:14:35.000Z,Twitter for Android,1356712642392584192,"@RobinhoodApp I agree,using dogecoin to settle would be FASTER than bitcoin while ripple who unfortunately is being hit by SEC could bridge the security issue gap and the time gap. But yes it's been time for SEC to catch up with Generation X!ü§î",1212686117553590272,3877d6c867447819,0,1,2,0,,,United States,"Fort Wayne, IN",After
159,2021-02-02T13:02:48.000Z,Twitter for iPhone,1356588882549235716,"@jimcramer They‚Äôre all nervous stocks are going away, they are not, just leading to evolving, used to call in via üìû, now all over phone, internet. Next, they will be all tokenized shares on blockchains to ensure transparency and security. #btc just my opinion",74367439,34031d61ef79585f,0,2,0,0,,,United States,"Davie, FL",After
160,2021-02-02T01:04:33.000Z,Twitter for iPhone,1356408129815248897,"@tyler @RobinhoodApp sold for me, with no leverage on the table and no reason.   Do not use. Take your money and leave #btc",74367439,34031d61ef79585f,0,0,0,0,,,United States,"Davie, FL",After
161,2021-02-02T14:32:28.000Z,Twitter for iPhone,1356611448517099524,@GrahamITGuy @jimcramer Never said that it will..   just post #btc on every post unless I'm arguing and don't have time,74367439,34031d61ef79585f,0,0,0,0,,,United States,"Davie, FL",After
162,2021-02-01T21:53:00.000Z,Twitter for iPhone,1356359924926832645,@CrackSandwich58 LMAOOO ok this time im serious. What u use bitcoin,1024738873740550144,18df13e4a5a670b5,0,0,0,0,,,United States,"North Charleston, SC",After
163,2021-02-02T01:25:28.000Z,Twitter for iPhone,1356413391066210306,@GoingParabolic @BlockFi @BlockFiZac #bitcoin is hard as f*ck,2479366357,0056a5ad3ac63b03,0,0,0,0,,,United States,"South Lake Tahoe, CA",After
164,2021-02-01T05:32:09.000Z,Twitter for Android,1356113084436385799,"@AtmanAgni @Bull2112 @Dxron2 Interestingly, Bitcoin is ALL but a private coin. They want to ban if only because they realize they can't control its use by their citizens.",206237860,910868722e1e4825,0,0,1,0,,,United States,"Littleton, CO",After
165,2021-02-01T16:26:50.000Z,Twitter for Android,1356277843576045569,@cryptocom Do you know how to make money on Bitcoin???? Email cdotcw@gmail.com need info,163125283,b075d78174642ce2,0,0,0,0,,,United States,"Palm Desert, CA",After
166,2021-02-01T06:41:19.000Z,Twitter for Android,1356130490013671425,@elonmusk finally admitted that he believes in Bitcoin on Clubhouse..,2649020540,5635c19c2b5078d1,0,0,0,0,,,United States,"Virginia, USA",After
167,2021-02-02T17:52:07.000Z,Twitter for iPhone,1356661693468745728,@elonmusk on #BTC during his @joinClubhouse interview ‚ú® https://t.co/26ZZKYlXTh,2923598690,0e2242eb8691df96,0,0,0,0,,,United States,"Henderson, NV",After
168,2021-02-01T16:50:59.000Z,Twitter for iPhone,1356283918287130629,"Dogecoin = Bitcoin
 #dogecoinarmy #Dogecoins #DogecoinToTheMoon #doge #DogeToAdollar #dogecointoadollar #dogearmy #dogecoinsnext #ElonMusk #reddit #wallstreetbets #wallstreetsbets #WallStreet #StocksToWatch #stonks #StocksToBuy #mondaythoughts #SatoshiNakamoto @dogecoin https://t.co/oswhSZgOjj",1316580705258799105,531b8f14eaf6c48e,0,0,0,0,,,United States,"Burien, WA",After
169,2021-02-01T15:55:44.000Z,Twitter for iPhone,1356270016308469763,"@josephalcala98 @elonmusk If Bitcoin made it. So can Dogecoin!!
@dogecoin @DogecoinRise @barstoolWSD @elonmusk @reddit @Bitcoin #dogeto1dollar #Dogecoinarmy #doge #dogecoin #Dogecoins #DogeToAdollar #dogearmy #DogecoinToTheMoon #dogecointo1dollar #Trending #mondaythoughts #StocksToWatch #stonks #DOGE https://t.co/3CvzRL5NJW",1316580705258799105,531b8f14eaf6c48e,0,0,0,0,,,United States,"Burien, WA",After
170,2021-02-01T15:55:09.000Z,Twitter for iPhone,1356269869369491457,"@Mr_Miami_RE If Bitcoin made it. So can Dogecoin!!
@dogecoin @DogecoinRise @barstoolWSD @elonmusk @reddit @Bitcoin #dogeto1dollar #Dogecoinarmy #doge #dogecoin #Dogecoins #DogeToAdollar #dogearmy #DogecoinToTheMoon #dogecointo1dollar #Trending #mondaythoughts #StocksToWatch #stonks #DOGE https://t.co/gHoNCgM1Yl",1316580705258799105,531b8f14eaf6c48e,0,0,1,0,,,United States,"Burien, WA",After
171,2021-02-02T21:38:07.000Z,Twitter for iPhone,1356718567769669633,@Raf_Red This is the same guy who lost on Bitcoin lol,348816361,ffaba230a4e0ec74,0,1,0,0,,,United States,"Mastic, NY",After
172,2021-02-01T17:30:07.000Z,Twitter for iPhone,1356293766655651841,@Max_Bitcoin_789 @bgarlinghouse still higher than a week ago. ü§û,53401027,c0b8e8dc81930292,0,0,0,0,,,United States,"Baltimore, MD",After
173,2021-02-01T03:10:25.000Z,Twitter for Android,1356077417388003330,@vicvollkommer Hahahaha noo its drunk bitcoin lingo,3126937741,c2270f3c90deeb93,0,1,0,0,,,United States,"Baldwin, NY",After
174,2021-02-01T18:00:59.000Z,Twitter for Android,1356301533583986694,@WSBChairman I project bitcoin to go way higher than it's current price.,1144999950427856896,1077f3afe6e2aa44,0,0,0,0,,,United States,"Harlingen, TX",After
175,2021-02-01T14:23:29.000Z,Twitter for iPhone,1356246798126489604,"@m12421767 @RightHandVAN @williamlegate Bitcoin yes, Dogecoin no",23948113,b98acb4e130f102d,0,0,0,0,,,United States,"Maywood, IL",After
176,2021-02-01T06:57:02.000Z,Twitter for iPhone,1356134445556899840,"@TDAmeritrade why haven‚Äôt you offered a way to trade, bu or seek Bitcoin?",524897613,00d1c94455339375,0,0,0,0,,,United States,"Greece, NY",After
177,2021-02-02T06:37:16.000Z,Twitter for iPhone,1356491858264772609,@PaulyBTC @justinbaragona Stick to hand jobbing Bitcoin to your 97 followers,968993959,7f0e166849448f1d,0,0,0,0,,,United States,"Kailua, HI",After
178,2021-02-02T04:04:04.000Z,Twitter for iPhone,1356453306181308417,JaylilMoney - I Ain't Lyinn (Official Video) Filmed by Visual Paradise https://t.co/XxDjING9XD via @waynebreadskii to the moon #doge #dofe #ddohexrp #xrp #btc #ltc #TrumpBanned #LockHerUp #LockHimUp #bitch #nofreeads #but #youtube,880586299383705602,01e0b1c656c5070f,0,0,0,0,,,United States,"Iowa City, IA",After
179,2021-02-01T05:34:27.000Z,Twitter for iPhone,1356113665884377088,@APompliano That was the main reason I missed buying $BTC in 2013. I didn't understand how to buy it. I wanted to buy it but it seemed too complicated,937441415415595008,d06e595eb3733f42,0,0,0,0,,,United States,"South Dakota, USA",After
180,2021-02-02T15:43:29.000Z,Twitter for iPhone,1356629318328279042,"@jvstwildlin üòÇ niggas said the same thing is bitcoin, you never know what could happen",3018779997,60edfde178b362ff,0,1,0,0,,,United States,"Portsmouth, VA",After
181,2021-02-01T15:27:17.000Z,Twitter for iPhone,1356262856212180993,@TheMoonCarl @elonmusk Did he buy bitcoin yet ?,2369637043,abcede5a546a90a3,0,0,1,0,,,United States,"Westlake, OH",After
182,2021-02-01T19:38:56.000Z,Twitter for Android,1356326183730868227,@haileykb .0125 bitcoin,476359600,59b0a84a9f7451d5,0,1,0,0,,,United States,"North Branch, MN",After
183,2021-02-02T23:00:52.000Z,Twitter for iPhone,1356739390127636484,@BarrettSallee Would your opinion change if you found out that he was being compensated with Bitcoin? https://t.co/vpygfltz8P,80618949,8173485c72e78ca5,0,0,0,0,,,United States,"Atlanta, GA",After
184,2021-02-01T14:29:00.000Z,Twitter for iPhone,1356248186575331329,"@DocumentingBTC If it‚Äôs basically zero, it‚Äôs actually negative. $BtC",891464868,87f5cf8444a63c94,0,0,0,0,,,United States,"Wamego, KS",After
185,2021-02-01T14:58:30.000Z,Twitter for iPhone,1356255610073993218,@HatsumiNonaka Bitcoin,1238878102673076224,be925761a3187f65,0,0,0,0,,,United States,"Greenacres, FL",After
186,2021-02-01T05:02:31.000Z,Twitter for Android,1356105628129882112,@WSBChairman $BTC F THE WALL STREET PUTS!!!,481247056,bef8582768ceea7a,0,0,0,0,,,United States,"East Shoreham, NY",After
